trade_id,symbol,quantity,execution_price,market_price,side,execution_time,pnl
TR-00001,MSFT,198,105.56,109.1,Sell,2025-04-19 21:06:02.744072,-700.92
TR-00002,NVDA,35,416.85,429.03,Sell,2025-04-30 15:13:16.292492,-426.3
TR-00003,AAPL,661,535.7,531.83,Buy,2025-04-28 16:11:11.661820,-2558.07
TR-00004,MSFT,893,533.4,516.17,Buy,2025-05-15 03:20:46.005783,-15386.39
TR-00005,AMZN,878,402.76,422.84,Buy,2025-05-08 22:18:03.938974,17630.24
TR-00006,NVDA,782,229.28,227.45,Buy,2025-05-15 04:46:41.716118,-1431.06
TR-00007,TSLA,717,646.09,632.97,Buy,2025-05-15 02:54:56.123660,-9407.04
TR-00008,AMZN,654,412.08,415.39,Sell,2025-05-12 05:23:11.346510,-2164.74
TR-00009,AAPL,662,682.1,694.09,Sell,2025-05-05 01:55:24.237418,-7937.38
TR-00010,GOOGL,185,607.74,629.41,Sell,2025-05-13 10:38:46.175099,-4008.95
TR-00011,AAPL,175,289.34,292.44,Buy,2025-05-19 00:39:20.710269,542.5
TR-00012,NVDA,390,618.32,624.67,Sell,2025-04-25 15:29:37.373190,-2476.5
TR-00013,GOOGL,804,888.97,930.84,Buy,2025-04-20 13:24:30.196025,33663.48
TR-00014,AAPL,632,287.41,282.73,Buy,2025-04-21 16:36:02.074778,-2957.76
TR-00015,TSLA,334,109.06,109.85,Buy,2025-05-13 02:13:31.652740,263.86
TR-00016,AMZN,213,655.0,673.93,Buy,2025-05-12 20:46:23.439988,4032.09
TR-00017,MSFT,496,201.83,209.44,Buy,2025-05-06 14:17:11.719880,3774.56
TR-00018,NVDA,93,790.83,818.69,Sell,2025-04-28 19:21:15.823562,-2590.98
TR-00019,AMZN,931,590.93,598.18,Buy,2025-05-05 05:16:56.798331,6749.75
TR-00020,NVDA,960,548.39,542.78,Sell,2025-04-28 18:36:33.538832,5385.6
TR-00021,MSFT,623,246.66,244.18,Buy,2025-05-01 14:35:13.862657,-1545.04
TR-00022,TSLA,440,465.58,461.54,Sell,2025-04-21 03:17:57.247912,1777.6
TR-00023,AAPL,894,305.35,290.16,Sell,2025-04-28 14:13:05.008383,13579.86
TR-00024,TSLA,744,462.39,458.63,Sell,2025-05-19 04:23:32.644251,2797.44
TR-00025,AMZN,756,242.28,251.36,Sell,2025-04-26 03:15:31.841929,-6864.48
TR-00026,GOOGL,97,628.18,635.81,Sell,2025-04-25 12:52:56.448928,-740.11
TR-00027,GOOGL,291,816.93,819.83,Sell,2025-04-26 11:44:04.125889,-843.9
TR-00028,GOOGL,410,642.48,673.65,Buy,2025-05-02 18:11:38.453229,12779.7
TR-00029,MSFT,65,717.33,712.28,Sell,2025-05-15 22:14:46.456016,328.25
TR-00030,NVDA,175,380.38,374.83,Sell,2025-05-11 11:04:56.176763,971.25
TR-00031,TSLA,93,924.21,964.59,Sell,2025-05-14 23:00:39.055433,-3755.34
TR-00032,AMZN,187,421.2,411.62,Sell,2025-05-09 03:09:18.167725,1791.46
TR-00033,AMZN,162,443.67,436.04,Sell,2025-05-11 22:09:22.596807,1236.06
TR-00034,MSFT,250,824.5,808.67,Sell,2025-05-05 17:42:18.923338,3957.5
TR-00035,TSLA,255,505.92,525.16,Sell,2025-05-06 20:49:55.367000,-4906.2
TR-00036,AMZN,924,736.31,714.01,Sell,2025-05-07 07:21:24.144914,20605.2
TR-00037,AMZN,71,728.94,714.36,Buy,2025-05-05 19:28:42.314181,-1035.18
TR-00038,AMZN,198,993.47,1018.52,Buy,2025-04-29 02:17:33.634607,4959.9
TR-00039,AAPL,600,835.88,824.9,Sell,2025-04-22 18:33:43.947694,6588.0
TR-00040,AAPL,715,947.51,956.7,Buy,2025-05-08 02:47:25.681325,6570.85
TR-00041,MSFT,919,751.03,746.95,Buy,2025-04-29 08:42:16.484177,-3749.52
TR-00042,NVDA,824,279.78,284.09,Buy,2025-04-24 10:25:41.091923,3551.44
TR-00043,AMZN,610,239.06,239.45,Buy,2025-05-05 14:55:01.606733,237.9
TR-00044,MSFT,382,975.05,981.71,Sell,2025-04-24 18:33:45.493904,-2544.12
TR-00045,MSFT,770,600.87,620.57,Sell,2025-05-16 11:23:28.990980,-15169.0
TR-00046,TSLA,678,602.19,603.14,Buy,2025-05-02 18:35:52.151546,644.1
TR-00047,AMZN,756,111.34,115.29,Sell,2025-05-10 02:12:46.490655,-2986.2
TR-00048,MSFT,422,148.83,146.24,Sell,2025-05-09 22:14:57.475808,1092.98
TR-00049,TSLA,100,364.09,378.29,Buy,2025-05-02 18:44:43.415721,1420.0
TR-00050,AAPL,544,249.5,250.8,Sell,2025-05-14 12:48:50.836578,-707.2
TR-00051,TSLA,357,717.87,719.25,Buy,2025-05-09 08:39:29.700788,492.66
TR-00052,AAPL,71,590.63,612.78,Sell,2025-05-13 09:36:17.942665,-1572.65
TR-00053,MSFT,503,983.9,998.99,Sell,2025-05-10 18:20:02.972096,-7590.27
TR-00054,AAPL,211,127.69,127.03,Sell,2025-04-22 19:46:52.699288,139.26
TR-00055,MSFT,28,496.05,477.24,Sell,2025-05-10 19:04:44.352291,526.68
TR-00056,AAPL,141,823.15,850.72,Buy,2025-04-21 15:35:44.037605,3887.37
TR-00057,TSLA,451,867.46,893.09,Buy,2025-05-14 20:56:11.799095,11559.13
TR-00058,NVDA,647,265.44,258.36,Sell,2025-05-02 19:49:52.144897,4580.76
TR-00059,NVDA,450,391.17,377.05,Buy,2025-05-16 21:29:36.217324,-6354.0
TR-00060,NVDA,185,487.92,465.55,Buy,2025-05-06 18:25:22.443465,-4138.45
TR-00061,MSFT,663,144.7,147.6,Sell,2025-05-04 18:05:22.612274,-1922.7
TR-00062,TSLA,234,554.75,545.9,Buy,2025-05-03 07:13:09.912202,-2070.9
TR-00063,AAPL,507,625.1,627.72,Sell,2025-05-14 14:46:28.722008,-1328.34
TR-00064,GOOGL,177,857.71,838.53,Buy,2025-05-11 12:47:05.743282,-3394.86
TR-00065,NVDA,989,202.28,202.7,Buy,2025-04-20 13:01:53.697356,415.38
TR-00066,TSLA,548,208.16,211.07,Sell,2025-04-20 04:50:02.594986,-1594.68
TR-00067,TSLA,396,615.31,624.16,Sell,2025-04-28 08:02:54.222707,-3504.6
TR-00068,GOOGL,289,450.21,468.88,Sell,2025-05-15 15:24:07.753518,-5395.63
TR-00069,GOOGL,441,502.48,500.73,Sell,2025-05-17 15:09:51.103986,771.75
TR-00070,AMZN,667,570.6,592.33,Sell,2025-04-27 21:35:39.081536,-14493.91
TR-00071,GOOGL,839,606.72,610.12,Sell,2025-05-13 05:53:01.280781,-2852.6
TR-00072,GOOGL,168,695.76,725.49,Buy,2025-05-15 01:13:49.298123,4994.64
TR-00073,TSLA,946,401.32,418.9,Sell,2025-04-29 06:06:52.098003,-16630.68
TR-00074,AMZN,737,165.29,159.31,Sell,2025-04-24 12:58:15.567370,4407.26
TR-00075,AMZN,331,180.61,175.91,Buy,2025-04-28 20:07:44.619295,-1555.7
TR-00076,AMZN,284,281.25,272.01,Sell,2025-05-14 15:29:10.028577,2624.16
TR-00077,TSLA,107,240.74,244.38,Sell,2025-04-24 00:10:26.474455,-389.48
TR-00078,GOOGL,546,563.5,566.2,Sell,2025-05-13 05:24:14.461102,-1474.2
TR-00079,AMZN,878,498.54,512.09,Buy,2025-05-14 16:50:39.709371,11896.9
TR-00080,NVDA,48,706.31,740.79,Buy,2025-05-02 03:52:50.473907,1655.04
TR-00081,TSLA,462,882.7,846.66,Buy,2025-04-29 10:24:55.481742,-16650.48
TR-00082,TSLA,910,965.59,989.13,Buy,2025-05-06 08:04:27.433053,21421.4
TR-00083,AAPL,806,334.97,343.02,Sell,2025-05-18 10:36:01.560493,-6488.3
TR-00084,GOOGL,626,200.01,205.15,Sell,2025-04-24 16:39:09.647846,-3217.64
TR-00085,GOOGL,426,866.07,867.37,Buy,2025-04-23 19:54:02.191959,553.8
TR-00086,MSFT,874,927.45,954.74,Sell,2025-05-12 22:58:34.294125,-23851.46
TR-00087,NVDA,968,529.32,540.2,Sell,2025-05-06 06:45:08.769958,-10531.84
TR-00088,AMZN,28,153.88,159.19,Sell,2025-05-14 05:31:18.776587,-148.68
TR-00089,MSFT,456,979.87,962.82,Sell,2025-04-19 11:43:38.560818,7774.8
TR-00090,TSLA,814,346.09,352.14,Sell,2025-04-21 13:25:11.608682,-4924.7
TR-00091,GOOGL,277,173.69,177.06,Sell,2025-05-07 12:02:53.440783,-933.49
TR-00092,AAPL,849,849.79,876.4,Buy,2025-05-09 20:16:29.426944,22591.89
TR-00093,NVDA,196,759.39,760.29,Sell,2025-05-18 05:53:20.438480,-176.4
TR-00094,AMZN,554,763.64,766.62,Buy,2025-05-08 16:38:48.691607,1650.92
TR-00095,AMZN,124,843.39,846.42,Sell,2025-05-15 21:09:46.086582,-375.72
TR-00096,AAPL,186,126.99,125.57,Buy,2025-05-04 17:05:14.201239,-264.12
TR-00097,GOOGL,543,455.74,475.51,Buy,2025-05-10 19:19:21.857809,10735.11
TR-00098,AAPL,648,179.68,174.83,Buy,2025-05-12 09:26:06.883246,-3142.8
TR-00099,MSFT,263,589.44,593.62,Buy,2025-05-02 22:53:48.990065,1099.34
TR-00100,TSLA,899,939.54,943.6,Sell,2025-04-21 13:55:32.777566,-3649.94
TR-00101,NVDA,127,872.91,878.18,Buy,2025-05-06 21:49:10.390563,669.29
TR-00102,MSFT,308,495.54,510.98,Sell,2025-04-24 15:01:27.593836,-4755.52
TR-00103,TSLA,846,120.1,125.07,Sell,2025-04-23 09:28:23.959756,-4204.62
TR-00104,NVDA,818,658.56,686.3,Sell,2025-04-30 17:13:14.013233,-22691.32
TR-00105,TSLA,439,132.89,136.09,Buy,2025-05-07 16:54:02.071918,1404.8
TR-00106,GOOGL,628,182.06,188.9,Buy,2025-05-16 16:01:42.769708,4295.52
TR-00107,GOOGL,443,103.61,107.03,Sell,2025-04-30 02:24:58.191723,-1515.06
TR-00108,NVDA,730,315.36,309.85,Sell,2025-04-21 00:14:26.436030,4022.3
TR-00109,MSFT,959,226.37,236.57,Buy,2025-05-02 10:55:57.861753,9781.8
TR-00110,TSLA,740,814.38,804.41,Buy,2025-05-16 16:40:58.979708,-7377.8
TR-00111,AMZN,121,642.84,649.98,Buy,2025-05-02 00:32:06.399658,863.94
TR-00112,AAPL,716,816.3,840.43,Buy,2025-04-23 17:24:30.348681,17277.08
TR-00113,MSFT,300,689.55,688.26,Buy,2025-05-05 10:31:42.519789,-387.0
TR-00114,NVDA,628,251.67,261.47,Buy,2025-04-24 01:25:22.727527,6154.4
TR-00115,TSLA,486,791.14,800.57,Buy,2025-05-14 10:37:48.167989,4582.98
TR-00116,MSFT,185,726.03,707.92,Buy,2025-05-16 00:44:58.550299,-3350.35
TR-00117,AMZN,285,706.26,731.4,Buy,2025-05-12 08:57:37.488235,7164.9
TR-00118,AMZN,712,146.58,145.59,Sell,2025-05-07 19:41:18.175994,704.88
TR-00119,AMZN,308,698.49,663.98,Sell,2025-05-18 23:53:28.807375,10629.08
TR-00120,TSLA,104,628.64,601.13,Sell,2025-05-04 19:54:10.824365,2861.04
TR-00121,NVDA,326,713.29,738.42,Sell,2025-05-09 23:36:20.569854,-8192.38
TR-00122,NVDA,986,797.02,812.7,Buy,2025-05-13 22:35:50.860486,15460.48
TR-00123,AMZN,474,279.38,272.7,Buy,2025-05-01 07:58:35.739332,-3166.32
TR-00124,AMZN,121,634.77,656.93,Sell,2025-05-01 17:42:11.333945,-2681.36
TR-00125,NVDA,47,245.81,253.83,Sell,2025-05-17 14:16:57.633202,-376.94
TR-00126,GOOGL,762,653.38,658.6,Buy,2025-04-22 03:52:12.177768,3977.64
TR-00127,AMZN,150,608.98,606.76,Sell,2025-05-01 17:22:30.407481,333.0
TR-00128,AMZN,499,202.66,196.01,Sell,2025-05-08 02:08:28.961020,3318.35
TR-00129,TSLA,877,487.38,497.74,Buy,2025-05-13 19:01:12.157208,9085.72
TR-00130,NVDA,579,532.29,510.41,Buy,2025-04-27 10:21:24.725734,-12668.52
TR-00131,AAPL,990,648.26,634.54,Sell,2025-05-04 00:15:56.071018,13582.8
TR-00132,AAPL,264,285.85,288.65,Sell,2025-05-07 17:20:55.189203,-739.2
TR-00133,AAPL,819,648.85,669.75,Buy,2025-04-28 05:21:50.056075,17117.1
TR-00134,AMZN,167,531.37,521.56,Sell,2025-05-09 01:54:03.347614,1638.27
TR-00135,MSFT,114,537.53,516.39,Sell,2025-05-18 03:41:58.976491,2409.96
TR-00136,TSLA,32,893.64,922.53,Sell,2025-05-06 10:31:08.537029,-924.48
TR-00137,AAPL,435,556.92,558.05,Sell,2025-05-05 18:36:33.122130,-491.55
TR-00138,AAPL,879,583.03,603.28,Buy,2025-05-13 18:36:56.166386,17799.75
TR-00139,NVDA,263,341.77,347.02,Sell,2025-04-24 10:03:07.270847,-1380.75
TR-00140,AAPL,520,823.29,841.14,Buy,2025-05-14 03:10:01.441506,9282.0
TR-00141,GOOGL,910,349.85,364.75,Sell,2025-05-16 21:57:01.737967,-13559.0
TR-00142,GOOGL,931,136.06,132.89,Buy,2025-04-21 18:13:19.343699,-2951.27
TR-00143,AMZN,191,483.11,476.22,Buy,2025-04-23 15:07:24.328133,-1315.99
TR-00144,MSFT,984,719.62,713.76,Buy,2025-05-19 01:34:04.420332,-5766.24
TR-00145,GOOGL,563,677.86,678.24,Sell,2025-05-18 15:12:07.134917,-213.94
TR-00146,GOOGL,460,958.47,992.28,Buy,2025-04-28 21:25:01.887605,15552.6
TR-00147,AMZN,263,164.97,171.36,Buy,2025-04-19 11:09:22.391146,1680.57
TR-00148,GOOGL,401,263.41,267.6,Sell,2025-04-25 12:47:51.743650,-1680.19
TR-00149,NVDA,853,462.76,460.56,Buy,2025-05-09 14:54:41.853641,-1876.6
TR-00150,TSLA,779,366.72,371.31,Sell,2025-04-27 23:08:01.674169,-3575.61
TR-00151,GOOGL,143,802.06,810.96,Buy,2025-05-04 00:35:28.034612,1272.7
TR-00152,NVDA,779,875.6,842.6,Buy,2025-05-12 05:51:47.870997,-25707.0
TR-00153,MSFT,120,624.19,624.91,Buy,2025-05-06 04:02:02.071527,86.4
TR-00154,AMZN,711,627.96,644.79,Buy,2025-04-20 02:42:48.083260,11966.13
TR-00155,AAPL,289,625.4,604.79,Buy,2025-05-17 00:38:49.335654,-5956.29
TR-00156,AMZN,711,495.14,511.49,Buy,2025-05-13 22:21:31.062079,11624.85
TR-00157,AMZN,99,701.19,695.92,Sell,2025-04-22 14:10:37.750244,521.73
TR-00158,AMZN,618,105.17,109.84,Sell,2025-04-23 03:04:57.604395,-2886.06
TR-00159,TSLA,641,151.42,147.33,Sell,2025-05-07 23:02:38.382682,2621.69
TR-00160,GOOGL,256,396.42,377.14,Sell,2025-05-12 16:43:15.156841,4935.68
TR-00161,TSLA,61,758.46,725.53,Sell,2025-04-26 18:13:53.742466,2008.73
TR-00162,AMZN,545,664.39,636.4,Buy,2025-05-07 03:35:51.653462,-15254.55
TR-00163,TSLA,178,763.0,754.62,Buy,2025-05-02 07:15:18.888183,-1491.64
TR-00164,AMZN,352,689.88,684.3,Buy,2025-05-13 18:01:56.943926,-1964.16
TR-00165,TSLA,338,343.7,359.57,Buy,2025-05-04 06:49:35.228066,5364.06
TR-00166,AMZN,232,607.0,625.48,Buy,2025-04-22 22:39:14.854824,4287.36
TR-00167,GOOGL,232,193.9,200.73,Buy,2025-05-16 23:04:58.472144,1584.56
TR-00168,AAPL,77,599.35,608.39,Buy,2025-04-20 00:11:36.082652,696.08
TR-00169,TSLA,833,992.3,994.07,Buy,2025-05-05 15:41:29.242141,1474.41
TR-00170,AMZN,633,197.93,191.89,Sell,2025-05-01 08:06:05.129672,3823.32
TR-00171,AAPL,889,945.46,946.52,Sell,2025-04-19 17:00:16.284826,-942.34
TR-00172,AMZN,622,375.8,362.68,Sell,2025-04-22 20:30:02.890542,8160.64
TR-00173,AAPL,555,401.2,418.94,Buy,2025-05-14 03:11:23.387488,9845.7
TR-00174,GOOGL,488,308.61,302.25,Buy,2025-05-09 01:03:48.864785,-3103.68
TR-00175,GOOGL,961,350.65,343.36,Buy,2025-05-19 07:05:45.011052,-7005.69
TR-00176,TSLA,755,333.35,320.62,Sell,2025-05-10 04:04:44.992110,9611.15
TR-00177,TSLA,205,559.12,538.95,Buy,2025-05-14 05:04:30.900258,-4134.85
TR-00178,TSLA,415,261.22,266.46,Buy,2025-05-02 22:21:07.099603,2174.6
TR-00179,AMZN,471,268.68,279.51,Buy,2025-04-29 11:20:10.155724,5100.93
TR-00180,MSFT,337,518.99,516.96,Sell,2025-05-07 18:25:42.236817,684.11
TR-00181,NVDA,198,264.34,276.86,Buy,2025-05-14 18:21:42.557636,2478.96
TR-00182,MSFT,803,871.68,866.71,Buy,2025-05-07 06:39:41.920465,-3990.91
TR-00183,NVDA,120,978.98,1019.78,Buy,2025-05-06 15:53:58.329093,4896.0
TR-00184,TSLA,959,174.85,168.86,Buy,2025-05-03 01:34:59.184998,-5744.41
TR-00185,AAPL,783,110.95,106.32,Buy,2025-05-04 16:17:02.792906,-3625.29
TR-00186,GOOGL,105,577.82,562.82,Buy,2025-04-24 08:51:17.919534,-1575.0
TR-00187,MSFT,950,843.05,840.83,Sell,2025-05-06 03:04:40.688502,2109.0
TR-00188,MSFT,719,342.48,349.34,Sell,2025-04-20 11:40:14.383016,-4932.34
TR-00189,MSFT,765,945.18,959.8,Sell,2025-05-13 04:57:08.112734,-11184.3
TR-00190,AAPL,747,315.5,306.01,Sell,2025-04-21 04:55:49.562937,7089.03
TR-00191,AMZN,122,532.43,518.8,Buy,2025-05-08 12:19:50.247440,-1662.86
TR-00192,TSLA,216,370.03,379.04,Buy,2025-05-14 18:53:47.931021,1946.16
TR-00193,GOOGL,439,944.55,923.85,Buy,2025-05-16 17:17:21.960804,-9087.3
TR-00194,GOOGL,574,659.42,669.77,Sell,2025-05-18 22:22:58.803339,-5940.9
TR-00195,TSLA,441,713.15,705.54,Sell,2025-04-26 22:20:05.381240,3356.01
TR-00196,AMZN,943,973.46,970.41,Buy,2025-04-29 10:56:23.864447,-2876.15
TR-00197,AMZN,439,855.76,819.07,Buy,2025-05-11 18:30:41.841548,-16106.91
TR-00198,AAPL,835,842.28,850.17,Sell,2025-05-15 02:11:12.970011,-6588.15
TR-00199,NVDA,29,834.65,820.87,Sell,2025-05-05 08:00:18.398328,399.62
TR-00200,GOOGL,881,458.57,461.79,Buy,2025-05-03 00:02:31.577060,2836.82
TR-00201,AMZN,577,294.72,307.28,Buy,2025-04-28 03:22:33.191218,7247.12
TR-00202,NVDA,620,422.73,416.75,Buy,2025-04-24 13:26:12.570520,-3707.6
TR-00203,AMZN,928,869.61,864.84,Buy,2025-04-30 00:28:37.849392,-4426.56
TR-00204,NVDA,65,490.84,469.3,Buy,2025-04-21 08:10:42.059280,-1400.1
TR-00205,NVDA,862,698.39,670.04,Buy,2025-05-12 05:18:12.222097,-24437.7
TR-00206,NVDA,982,184.8,185.21,Sell,2025-05-04 05:20:10.884357,-402.62
TR-00207,NVDA,197,238.18,237.55,Sell,2025-04-29 08:08:46.353219,124.11
TR-00208,NVDA,985,535.25,530.63,Buy,2025-05-05 05:54:16.824636,-4550.7
TR-00209,NVDA,266,280.73,276.06,Buy,2025-05-15 21:57:53.405304,-1242.22
TR-00210,AAPL,695,302.57,292.6,Buy,2025-05-09 12:07:50.564631,-6929.15
TR-00211,AAPL,949,702.5,702.27,Sell,2025-05-05 05:51:48.999200,218.27
TR-00212,MSFT,298,573.3,571.57,Sell,2025-04-24 04:20:42.702861,515.54
TR-00213,NVDA,337,835.18,802.3,Sell,2025-04-24 00:16:17.688752,11080.56
TR-00214,GOOGL,843,559.39,552.02,Sell,2025-05-05 07:03:10.661380,6212.91
TR-00215,AAPL,812,322.44,308.94,Buy,2025-04-24 16:11:11.951483,-10962.0
TR-00216,TSLA,254,486.21,468.21,Sell,2025-04-24 06:25:08.224564,4572.0
TR-00217,AMZN,177,274.74,276.47,Buy,2025-05-05 07:56:03.968829,306.21
TR-00218,AAPL,601,750.09,762.69,Buy,2025-04-30 12:52:43.833187,7572.6
TR-00219,GOOGL,638,520.8,497.19,Buy,2025-05-04 03:42:03.059514,-15063.18
TR-00220,NVDA,515,174.59,177.26,Buy,2025-05-07 06:38:32.895052,1375.05
TR-00221,GOOGL,671,939.07,947.15,Sell,2025-04-28 03:15:02.219839,-5421.68
TR-00222,AAPL,947,514.45,502.59,Buy,2025-04-26 09:07:38.552414,-11231.42
TR-00223,AAPL,950,757.87,790.44,Sell,2025-04-20 12:39:47.504578,-30941.5
TR-00224,TSLA,68,329.71,339.95,Sell,2025-04-21 14:37:34.654585,-696.32
TR-00225,NVDA,763,219.98,225.43,Sell,2025-05-05 03:09:53.840012,-4158.35
TR-00226,NVDA,464,664.13,688.32,Sell,2025-04-19 17:03:59.779131,-11224.16
TR-00227,MSFT,421,804.15,830.01,Sell,2025-04-29 12:28:47.049334,-10887.06
TR-00228,AAPL,63,550.0,555.83,Sell,2025-05-01 18:00:17.086264,-367.29
TR-00229,TSLA,766,235.12,230.01,Buy,2025-05-05 18:46:19.801969,-3914.26
TR-00230,GOOGL,353,439.77,451.06,Buy,2025-05-10 06:40:24.917823,3985.37
TR-00231,AMZN,782,740.28,751.18,Buy,2025-05-05 04:54:38.051729,8523.8
TR-00232,AAPL,288,388.75,394.4,Sell,2025-05-06 10:45:54.364091,-1627.2
TR-00233,NVDA,160,412.71,400.13,Sell,2025-04-27 21:17:13.228825,2012.8
TR-00234,GOOGL,545,545.78,520.61,Buy,2025-05-03 05:09:58.731906,-13717.65
TR-00235,NVDA,49,630.61,653.95,Buy,2025-05-05 20:08:08.665953,1143.66
TR-00236,TSLA,759,717.09,693.52,Sell,2025-04-25 12:36:46.831459,17889.63
TR-00237,AMZN,198,323.03,336.58,Buy,2025-04-21 23:02:01.761359,2682.9
TR-00238,GOOGL,737,642.15,636.77,Sell,2025-05-08 15:54:09.269045,3965.06
TR-00239,NVDA,309,761.06,764.61,Sell,2025-04-19 13:21:34.195161,-1096.95
TR-00240,TSLA,782,730.31,758.79,Sell,2025-05-01 02:48:02.497171,-22271.36
TR-00241,AMZN,161,798.24,820.87,Buy,2025-05-03 19:26:56.557203,3643.43
TR-00242,NVDA,510,832.09,835.05,Sell,2025-05-16 16:06:25.533206,-1509.6
TR-00243,GOOGL,422,391.58,406.0,Sell,2025-04-20 00:01:36.359796,-6085.24
TR-00244,AAPL,865,788.1,808.92,Sell,2025-05-09 17:36:13.664631,-18009.3
TR-00245,TSLA,927,953.02,999.07,Sell,2025-05-08 21:44:50.048329,-42688.35
TR-00246,AAPL,603,740.56,715.05,Buy,2025-05-03 15:15:31.056521,-15382.53
TR-00247,AMZN,214,994.94,984.1,Sell,2025-04-21 12:49:07.931473,2319.76
TR-00248,AAPL,221,652.8,665.88,Sell,2025-04-29 17:57:20.534572,-2890.68
TR-00249,AAPL,542,557.61,570.12,Sell,2025-05-10 15:17:26.403626,-6780.42
TR-00250,NVDA,148,373.28,363.5,Sell,2025-05-07 21:54:03.965112,1447.44
TR-00251,GOOGL,599,846.03,841.87,Sell,2025-05-10 23:35:59.193596,2491.84
TR-00252,TSLA,230,567.5,586.36,Buy,2025-05-06 14:21:55.110322,4337.8
TR-00253,MSFT,677,590.19,577.22,Sell,2025-04-21 10:17:39.275856,8780.69
TR-00254,TSLA,88,376.09,376.03,Buy,2025-04-27 11:24:11.227103,-5.28
TR-00255,TSLA,918,751.51,720.09,Sell,2025-05-15 05:07:31.268637,28843.56
TR-00256,MSFT,837,872.65,865.52,Buy,2025-04-20 18:09:00.241711,-5967.81
TR-00257,AAPL,268,184.36,189.33,Sell,2025-05-12 22:29:08.365532,-1331.96
TR-00258,AAPL,134,461.61,482.37,Buy,2025-05-08 20:17:44.538750,2781.84
TR-00259,TSLA,836,770.54,736.07,Buy,2025-05-06 09:29:03.903243,-28816.92
TR-00260,NVDA,753,602.97,581.52,Sell,2025-04-26 02:48:33.617708,16151.85
TR-00261,TSLA,948,201.77,197.86,Sell,2025-04-21 14:50:00.176901,3706.68
TR-00262,AAPL,771,137.69,140.04,Buy,2025-05-08 15:58:56.406536,1811.85
TR-00263,AAPL,426,846.01,887.33,Buy,2025-04-26 05:04:01.103725,17602.32
TR-00264,TSLA,23,286.07,283.33,Buy,2025-05-03 13:22:17.898329,-63.02
TR-00265,GOOGL,735,471.38,455.66,Buy,2025-05-09 12:52:55.445959,-11554.2
TR-00266,GOOGL,242,569.19,553.96,Buy,2025-04-24 16:32:36.413759,-3685.66
TR-00267,TSLA,92,961.05,974.16,Sell,2025-05-11 04:18:10.368331,-1206.12
TR-00268,AAPL,333,881.06,882.11,Sell,2025-05-03 05:16:47.937359,-349.65
TR-00269,NVDA,822,707.35,709.16,Sell,2025-05-14 03:17:12.272057,-1487.82
TR-00270,AAPL,897,869.18,906.45,Buy,2025-04-24 05:58:27.110532,33431.19
TR-00271,GOOGL,762,237.76,231.8,Sell,2025-04-30 18:10:01.093887,4541.52
TR-00272,AAPL,432,151.46,155.67,Sell,2025-04-24 05:35:49.541735,-1818.72
TR-00273,NVDA,385,212.08,214.92,Buy,2025-05-16 10:44:14.567448,1093.4
TR-00274,AAPL,931,540.77,514.12,Buy,2025-05-10 19:47:26.610813,-24811.15
TR-00275,GOOGL,557,776.31,755.48,Sell,2025-05-17 09:44:03.686976,11602.31
TR-00276,TSLA,470,494.49,483.9,Sell,2025-05-03 21:08:19.744714,4977.3
TR-00277,NVDA,169,297.27,294.65,Buy,2025-05-12 06:30:01.278709,-442.78
TR-00278,TSLA,976,501.34,495.98,Sell,2025-04-22 22:59:20.054897,5231.36
TR-00279,MSFT,987,938.27,906.1,Sell,2025-05-01 00:20:45.753837,31751.79
TR-00280,AMZN,779,357.89,372.28,Buy,2025-05-12 10:49:35.966100,11209.81
TR-00281,MSFT,27,858.09,889.87,Buy,2025-05-11 08:54:16.374710,858.06
TR-00282,GOOGL,145,122.35,120.51,Sell,2025-05-08 16:44:31.836748,266.8
TR-00283,AAPL,491,232.55,234.37,Sell,2025-04-29 05:29:35.236994,-893.62
TR-00284,GOOGL,787,436.58,443.39,Sell,2025-04-25 09:33:12.533730,-5359.47
TR-00285,TSLA,264,482.6,461.53,Sell,2025-05-14 11:16:02.167043,5562.48
TR-00286,AAPL,122,223.77,216.53,Sell,2025-04-28 23:37:29.081316,883.28
TR-00287,NVDA,879,475.66,467.21,Buy,2025-04-20 23:16:25.713466,-7427.55
TR-00288,AMZN,347,397.79,401.49,Buy,2025-05-16 01:54:24.614491,1283.9
TR-00289,MSFT,434,110.38,113.56,Sell,2025-05-05 11:57:23.211797,-1380.12
TR-00290,AAPL,170,285.59,282.37,Sell,2025-05-08 04:05:57.376601,547.4
TR-00291,GOOGL,876,562.55,559.13,Buy,2025-04-28 10:51:26.316402,-2995.92
TR-00292,MSFT,123,471.79,493.04,Buy,2025-04-30 13:31:02.977685,2613.75
TR-00293,NVDA,251,517.24,496.45,Sell,2025-04-26 22:19:04.323087,5218.29
TR-00294,GOOGL,337,105.33,100.88,Buy,2025-05-05 09:54:46.789034,-1499.65
TR-00295,AMZN,670,158.77,164.96,Sell,2025-04-27 08:20:15.486238,-4147.3
TR-00296,AAPL,481,220.48,223.7,Sell,2025-05-06 23:47:01.370391,-1548.82
TR-00297,AAPL,76,109.31,106.72,Buy,2025-05-01 01:31:24.248247,-196.84
TR-00298,MSFT,975,390.21,407.6,Buy,2025-05-07 01:24:07.510751,16955.25
TR-00299,TSLA,300,874.03,889.14,Sell,2025-05-02 12:22:59.201626,-4533.0
TR-00300,TSLA,206,635.94,622.55,Buy,2025-05-01 20:07:59.555132,-2758.34
TR-00301,AAPL,13,157.85,151.93,Buy,2025-05-04 05:00:51.780095,-76.96
TR-00302,GOOGL,697,712.96,733.61,Sell,2025-04-22 12:23:13.231298,-14393.05
TR-00303,TSLA,486,614.22,639.95,Buy,2025-05-17 01:32:32.453326,12504.78
TR-00304,NVDA,175,452.01,464.98,Buy,2025-04-25 01:04:47.839256,2269.75
TR-00305,GOOGL,925,964.64,968.07,Sell,2025-04-26 04:50:52.935159,-3172.75
TR-00306,NVDA,897,844.88,870.44,Sell,2025-05-14 20:30:26.317466,-22927.32
TR-00307,AAPL,114,262.32,263.41,Buy,2025-05-03 14:45:51.615970,124.26
TR-00308,AMZN,75,411.6,408.82,Sell,2025-05-05 19:47:07.365216,208.5
TR-00309,TSLA,682,211.37,202.83,Sell,2025-05-15 08:59:05.735028,5824.28
TR-00310,TSLA,167,984.98,942.93,Buy,2025-05-11 16:28:14.938699,-7022.35
TR-00311,NVDA,80,385.13,377.91,Buy,2025-05-15 04:32:34.307095,-577.6
TR-00312,TSLA,95,615.06,622.93,Buy,2025-04-26 18:34:06.806377,747.65
TR-00313,TSLA,85,871.59,864.01,Sell,2025-04-25 07:54:06.787524,644.3
TR-00314,MSFT,186,939.5,973.62,Buy,2025-04-23 10:11:58.719990,6346.32
TR-00315,AMZN,579,526.87,545.99,Sell,2025-05-17 00:12:11.817669,-11070.48
TR-00316,AMZN,589,792.66,813.89,Sell,2025-04-26 03:45:48.455152,-12504.47
TR-00317,AAPL,308,592.51,572.7,Buy,2025-05-18 00:04:13.919611,-6101.48
TR-00318,NVDA,592,697.44,679.06,Sell,2025-04-30 19:37:22.664522,10880.96
TR-00319,NVDA,810,798.01,763.68,Buy,2025-04-30 20:20:34.187711,-27807.3
TR-00320,MSFT,540,241.81,234.08,Sell,2025-05-08 09:31:42.665547,4174.2
TR-00321,GOOGL,519,353.98,336.73,Sell,2025-05-16 20:22:07.537565,8952.75
TR-00322,TSLA,98,543.38,549.39,Sell,2025-04-29 14:13:34.240257,-588.98
TR-00323,MSFT,830,219.39,228.3,Buy,2025-04-22 10:37:35.204152,7395.3
TR-00324,TSLA,643,209.55,208.05,Buy,2025-05-13 07:24:54.706880,-964.5
TR-00325,NVDA,269,907.09,903.15,Buy,2025-04-26 18:09:49.678502,-1059.86
TR-00326,NVDA,440,889.32,872.48,Buy,2025-04-26 23:09:13.434250,-7409.6
TR-00327,AMZN,526,748.69,744.06,Buy,2025-04-21 16:46:33.962354,-2435.38
TR-00328,AAPL,850,655.17,677.47,Buy,2025-05-13 03:01:01.585888,18955.0
TR-00329,NVDA,477,298.24,306.79,Buy,2025-04-28 15:56:43.904310,4078.35
TR-00330,MSFT,289,536.17,511.43,Buy,2025-04-27 09:08:14.853882,-7149.86
TR-00331,MSFT,544,660.6,693.19,Buy,2025-04-20 21:52:44.374676,17728.96
TR-00332,AMZN,803,704.31,722.58,Buy,2025-05-15 01:36:14.103279,14670.81
TR-00333,AAPL,128,231.14,235.52,Buy,2025-05-13 23:57:47.656494,560.64
TR-00334,AAPL,307,683.67,692.51,Sell,2025-05-06 03:27:51.522862,-2713.88
TR-00335,NVDA,586,143.62,149.91,Buy,2025-04-19 14:38:42.564890,3685.94
TR-00336,MSFT,864,796.85,813.53,Sell,2025-05-10 20:10:50.123008,-14411.52
TR-00337,AAPL,219,266.6,262.54,Buy,2025-05-12 13:50:45.046952,-889.14
TR-00338,AAPL,878,899.3,857.54,Buy,2025-05-07 11:27:21.235138,-36665.28
TR-00339,TSLA,805,773.2,754.19,Buy,2025-05-11 22:23:07.494336,-15303.05
TR-00340,MSFT,320,351.19,367.23,Sell,2025-05-10 05:01:05.971047,-5132.8
TR-00341,AAPL,274,462.93,470.56,Sell,2025-04-19 09:29:58.428416,-2090.62
TR-00342,NVDA,535,255.69,248.34,Sell,2025-04-24 15:27:39.037958,3932.25
TR-00343,AAPL,115,565.75,547.52,Buy,2025-05-10 16:29:25.234815,-2096.45
TR-00344,GOOGL,806,730.8,763.89,Buy,2025-05-01 00:31:31.675883,26670.54
TR-00345,TSLA,781,123.79,120.31,Buy,2025-04-27 15:20:03.595767,-2717.88
TR-00346,TSLA,143,569.49,596.55,Buy,2025-04-22 04:55:37.077496,3869.58
TR-00347,TSLA,238,852.25,868.48,Buy,2025-04-30 13:37:34.998912,3862.74
TR-00348,TSLA,94,164.81,163.26,Buy,2025-05-14 21:55:58.686229,-145.7
TR-00349,TSLA,619,905.51,881.43,Buy,2025-05-09 06:12:43.150651,-14905.52
TR-00350,GOOGL,732,693.92,704.74,Sell,2025-04-30 22:19:50.931884,-7920.24
TR-00351,MSFT,939,203.6,205.49,Sell,2025-04-19 20:11:22.072087,-1774.71
TR-00352,GOOGL,771,973.92,987.25,Buy,2025-05-02 19:44:17.923560,10277.43
TR-00353,MSFT,583,848.8,819.15,Buy,2025-05-09 06:00:33.254872,-17285.95
TR-00354,TSLA,579,134.79,130.76,Sell,2025-05-02 08:22:44.151340,2333.37
TR-00355,TSLA,760,318.81,327.95,Sell,2025-04-27 08:24:16.984824,-6946.4
TR-00356,TSLA,890,285.26,297.39,Buy,2025-04-25 03:45:09.799064,10795.7
TR-00357,GOOGL,471,726.56,726.85,Buy,2025-04-26 05:22:20.870155,136.59
TR-00358,NVDA,798,673.74,681.83,Buy,2025-04-25 10:01:50.958232,6455.82
TR-00359,MSFT,275,217.63,207.5,Sell,2025-04-23 08:11:19.219740,2785.75
TR-00360,NVDA,371,120.66,117.23,Sell,2025-05-16 17:31:44.173721,1272.53
TR-00361,NVDA,609,452.88,443.05,Buy,2025-05-06 20:57:48.220035,-5986.47
TR-00362,TSLA,875,454.38,459.34,Sell,2025-05-16 23:01:09.218654,-4340.0
TR-00363,TSLA,794,584.77,591.14,Sell,2025-04-23 14:53:38.128286,-5057.78
TR-00364,NVDA,797,678.8,668.59,Sell,2025-04-25 20:31:28.059580,8137.37
TR-00365,AMZN,304,966.05,939.78,Buy,2025-05-05 02:09:45.657223,-7986.08
TR-00366,TSLA,712,189.86,194.63,Buy,2025-04-23 05:02:19.453174,3396.24
TR-00367,AAPL,556,718.29,717.08,Buy,2025-05-03 22:13:19.929317,-672.76
TR-00368,GOOGL,430,782.95,751.37,Sell,2025-05-17 12:39:06.404549,13579.4
TR-00369,AMZN,880,169.0,166.49,Sell,2025-05-02 11:04:50.022873,2208.8
TR-00370,AMZN,782,444.82,456.99,Sell,2025-05-13 01:19:37.524680,-9516.94
TR-00371,TSLA,87,157.53,157.46,Buy,2025-05-17 19:30:17.800081,-6.09
TR-00372,TSLA,380,967.65,997.43,Sell,2025-05-07 19:27:19.071279,-11316.4
TR-00373,GOOGL,206,131.93,133.24,Sell,2025-04-20 11:32:32.029322,-269.86
TR-00374,AMZN,577,737.61,739.79,Sell,2025-05-07 06:36:14.382523,-1257.86
TR-00375,GOOGL,831,433.17,450.37,Buy,2025-05-14 16:26:02.824031,14293.2
TR-00376,AMZN,995,567.34,566.28,Buy,2025-05-16 22:17:32.704544,-1054.7
TR-00377,AAPL,669,718.88,726.81,Buy,2025-05-05 22:24:46.773368,5305.17
TR-00378,AMZN,80,824.04,818.14,Sell,2025-05-08 17:27:55.739375,472.0
TR-00379,GOOGL,231,930.54,944.92,Buy,2025-04-25 02:56:10.753708,3321.78
TR-00380,GOOGL,924,190.01,194.9,Buy,2025-05-15 09:56:43.621290,4518.36
TR-00381,AAPL,405,978.52,1024.05,Buy,2025-04-24 08:46:21.091013,18439.65
TR-00382,NVDA,923,483.83,471.34,Sell,2025-05-05 20:14:29.439156,11528.27
TR-00383,GOOGL,559,177.19,171.14,Buy,2025-05-13 21:20:48.280095,-3381.95
TR-00384,NVDA,230,996.24,1007.33,Sell,2025-05-14 03:19:05.406479,-2550.7
TR-00385,AAPL,453,692.88,682.01,Sell,2025-05-10 05:39:47.133045,4924.11
TR-00386,MSFT,478,341.27,354.77,Buy,2025-04-20 09:29:47.726448,6453.0
TR-00387,MSFT,611,731.15,698.62,Sell,2025-05-14 19:12:39.274939,19875.83
TR-00388,GOOGL,255,101.94,97.2,Sell,2025-04-24 03:30:24.049939,1208.7
TR-00389,AMZN,106,367.68,381.02,Sell,2025-05-08 04:38:53.243910,-1414.04
TR-00390,MSFT,473,596.92,570.46,Sell,2025-05-16 14:21:06.223319,12515.58
TR-00391,AAPL,739,123.84,128.49,Sell,2025-05-13 00:29:04.240455,-3436.35
TR-00392,GOOGL,209,327.89,341.59,Buy,2025-05-01 14:40:39.160221,2863.3
TR-00393,MSFT,659,823.15,845.66,Sell,2025-04-30 13:20:53.853249,-14834.09
TR-00394,NVDA,713,141.91,147.62,Buy,2025-05-09 00:35:15.455207,4071.23
TR-00395,MSFT,519,927.67,967.41,Sell,2025-05-09 02:18:43.596074,-20625.06
TR-00396,AMZN,184,254.28,241.73,Sell,2025-05-03 05:45:02.600895,2309.2
TR-00397,TSLA,120,419.66,424.0,Buy,2025-05-09 16:17:09.407743,520.8
TR-00398,AMZN,270,946.97,943.5,Buy,2025-05-17 04:27:57.122160,-936.9
TR-00399,AAPL,526,696.25,672.14,Buy,2025-04-28 13:45:18.009568,-12681.86
TR-00400,AMZN,215,311.39,307.74,Buy,2025-05-17 11:03:00.498900,-784.75
TR-00401,TSLA,723,792.37,821.5,Buy,2025-04-24 13:17:56.069039,21060.99
TR-00402,AMZN,193,348.52,341.23,Sell,2025-04-29 08:11:12.882735,1406.97
TR-00403,NVDA,285,158.31,166.19,Buy,2025-05-04 13:56:50.943232,2245.8
TR-00404,NVDA,806,716.42,687.17,Buy,2025-05-09 12:55:21.389407,-23575.5
TR-00405,AAPL,587,628.82,606.17,Buy,2025-05-07 13:55:47.954350,-13295.55
TR-00406,NVDA,254,583.13,598.48,Sell,2025-05-09 15:51:29.868215,-3898.9
TR-00407,NVDA,773,301.12,301.36,Buy,2025-05-16 04:11:29.646602,185.52
TR-00408,AAPL,637,487.52,506.67,Sell,2025-05-07 19:45:04.413890,-12198.55
TR-00409,NVDA,461,689.77,709.05,Sell,2025-05-14 07:01:26.178176,-8888.08
TR-00410,MSFT,165,462.16,481.12,Sell,2025-05-04 10:05:36.439333,-3128.4
TR-00411,TSLA,972,795.79,756.56,Sell,2025-05-15 06:54:30.486139,38131.56
TR-00412,NVDA,708,434.59,428.62,Sell,2025-04-28 18:35:01.736208,4226.76
TR-00413,GOOGL,718,100.97,100.96,Sell,2025-04-30 01:16:21.202261,7.18
TR-00414,TSLA,34,994.65,1035.77,Buy,2025-05-06 01:21:04.470258,1398.08
TR-00415,AMZN,452,825.77,860.44,Sell,2025-05-09 09:50:06.613769,-15670.84
TR-00416,NVDA,158,907.97,909.71,Buy,2025-04-19 15:09:40.240825,274.92
TR-00417,GOOGL,28,502.01,488.72,Buy,2025-05-01 00:25:06.494887,-372.12
TR-00418,GOOGL,284,263.11,256.13,Sell,2025-05-01 21:38:54.578511,1982.32
TR-00419,AMZN,171,717.56,702.23,Buy,2025-05-02 13:28:31.610097,-2621.43
TR-00420,MSFT,893,770.69,775.37,Buy,2025-05-05 17:29:18.993441,4179.24
TR-00421,AMZN,400,587.49,610.07,Buy,2025-05-03 10:41:03.763129,9032.0
TR-00422,AAPL,279,592.38,598.55,Buy,2025-04-26 19:27:40.220012,1721.43
TR-00423,MSFT,180,923.74,897.09,Sell,2025-04-21 09:51:38.462918,4797.0
TR-00424,TSLA,21,258.67,265.14,Buy,2025-04-23 15:52:42.684333,135.87
TR-00425,AAPL,741,158.27,164.89,Buy,2025-05-14 19:50:21.272099,4905.42
TR-00426,GOOGL,264,633.84,610.15,Buy,2025-05-11 20:55:52.991483,-6254.16
TR-00427,MSFT,370,188.06,178.74,Buy,2025-05-11 20:11:21.825095,-3448.4
TR-00428,GOOGL,820,612.27,631.69,Buy,2025-05-18 05:19:05.643089,15924.4
TR-00429,AMZN,885,721.75,736.71,Buy,2025-05-08 08:33:46.683667,13239.6
TR-00430,AMZN,481,487.18,472.44,Sell,2025-05-05 15:15:16.176667,7089.94
TR-00431,AMZN,217,157.01,162.93,Sell,2025-05-08 08:48:36.653266,-1284.64
TR-00432,AMZN,887,915.08,875.04,Buy,2025-04-26 18:12:14.102518,-35515.48
TR-00433,AAPL,153,628.3,623.26,Buy,2025-04-23 17:14:16.249083,-771.12
TR-00434,TSLA,504,974.12,939.32,Sell,2025-05-14 18:07:06.356106,17539.2
TR-00435,MSFT,823,522.58,497.48,Buy,2025-05-11 14:09:59.378563,-20657.3
TR-00436,AAPL,473,308.13,295.02,Sell,2025-04-27 07:57:39.478347,6201.03
TR-00437,GOOGL,754,298.77,285.45,Buy,2025-04-23 08:05:52.930896,-10043.28
TR-00438,AAPL,534,165.98,161.49,Sell,2025-05-12 02:56:22.596381,2397.66
TR-00439,MSFT,983,808.11,777.53,Sell,2025-04-27 01:26:39.057487,30060.14
TR-00440,TSLA,809,760.16,750.7,Buy,2025-05-13 06:25:39.951643,-7653.14
TR-00441,MSFT,471,717.22,733.71,Sell,2025-04-24 10:28:48.832141,-7766.79
TR-00442,AAPL,741,511.49,525.14,Sell,2025-05-03 03:52:24.344257,-10114.65
TR-00443,NVDA,792,608.57,616.62,Buy,2025-04-24 20:00:24.219288,6375.6
TR-00444,NVDA,395,714.8,716.28,Sell,2025-05-05 01:35:43.077291,-584.6
TR-00445,GOOGL,509,662.34,693.39,Sell,2025-05-08 01:01:27.720323,-15804.45
TR-00446,TSLA,982,437.32,427.12,Sell,2025-04-19 19:27:42.666593,10016.4
TR-00447,GOOGL,196,574.6,601.8,Sell,2025-05-06 07:21:00.366784,-5331.2
TR-00448,TSLA,503,693.04,715.74,Buy,2025-04-23 10:47:38.610731,11418.1
TR-00449,GOOGL,443,631.87,616.47,Sell,2025-05-16 05:02:03.189509,6822.2
TR-00450,MSFT,360,962.96,952.12,Buy,2025-05-01 05:59:18.597112,-3902.4
TR-00451,GOOGL,375,521.37,539.34,Buy,2025-04-24 03:44:39.962727,6738.75
TR-00452,MSFT,316,826.77,856.04,Sell,2025-05-18 16:59:28.593086,-9249.32
TR-00453,AMZN,35,510.01,486.59,Sell,2025-05-18 02:53:01.523518,819.7
TR-00454,GOOGL,780,574.29,591.42,Sell,2025-04-23 03:01:21.571435,-13361.4
TR-00455,GOOGL,522,692.54,697.32,Buy,2025-05-03 07:27:02.562654,2495.16
TR-00456,TSLA,700,648.37,650.35,Buy,2025-05-03 18:49:42.640939,1386.0
TR-00457,NVDA,982,859.19,834.25,Sell,2025-05-01 18:29:59.628386,24491.08
TR-00458,MSFT,259,383.41,395.47,Sell,2025-05-08 07:42:10.777946,-3123.54
TR-00459,MSFT,637,802.98,810.64,Buy,2025-05-02 09:13:42.112925,4879.42
TR-00460,AAPL,499,767.13,744.52,Buy,2025-05-06 12:59:39.505164,-11282.39
TR-00461,AAPL,507,351.83,355.66,Sell,2025-05-11 20:11:00.658200,-1941.81
TR-00462,TSLA,115,218.82,221.97,Buy,2025-05-18 06:44:41.505476,362.25
TR-00463,NVDA,645,135.94,140.0,Sell,2025-05-04 16:30:17.780733,-2618.7
TR-00464,AAPL,450,755.48,728.29,Buy,2025-05-15 07:01:30.458555,-12235.5
TR-00465,MSFT,548,254.61,247.39,Buy,2025-05-19 07:40:28.807354,-3956.56
TR-00466,MSFT,25,505.26,511.26,Sell,2025-05-13 15:54:22.771792,-150.0
TR-00467,AAPL,754,973.73,1013.88,Sell,2025-04-27 23:16:53.033462,-30273.1
TR-00468,AMZN,512,551.68,525.44,Buy,2025-04-26 15:22:27.014640,-13434.88
TR-00469,NVDA,692,484.14,460.37,Buy,2025-04-29 16:22:48.768301,-16448.84
TR-00470,AAPL,14,513.79,492.87,Sell,2025-04-23 15:28:34.731331,292.88
TR-00471,AAPL,188,950.78,927.99,Sell,2025-05-17 23:25:06.845847,4284.52
TR-00472,MSFT,136,897.78,939.91,Sell,2025-05-12 19:55:31.500564,-5729.68
TR-00473,AMZN,907,665.38,658.84,Sell,2025-05-14 16:13:42.958874,5931.78
TR-00474,TSLA,273,840.22,872.56,Buy,2025-04-20 15:33:46.858600,8828.82
TR-00475,TSLA,530,502.68,483.83,Sell,2025-04-24 20:08:39.835992,9990.5
TR-00476,TSLA,42,683.28,694.78,Sell,2025-04-26 08:06:32.710685,-483.0
TR-00477,AAPL,320,138.28,141.58,Buy,2025-04-21 22:49:51.138865,1056.0
TR-00478,MSFT,733,988.33,1033.08,Sell,2025-04-20 22:44:28.408145,-32801.75
TR-00479,NVDA,691,319.7,325.43,Sell,2025-04-23 08:02:03.570154,-3959.43
TR-00480,AMZN,585,593.61,599.47,Sell,2025-04-27 11:38:15.706087,-3428.1
TR-00481,AAPL,578,146.1,147.59,Sell,2025-04-28 15:22:35.232627,-861.22
TR-00482,GOOGL,461,485.88,498.12,Sell,2025-04-22 08:31:52.670846,-5642.64
TR-00483,AMZN,91,568.43,563.8,Buy,2025-04-24 08:03:41.528570,-421.33
TR-00484,GOOGL,376,416.49,399.25,Sell,2025-04-26 09:32:39.386915,6482.24
TR-00485,MSFT,769,941.92,965.64,Buy,2025-05-06 05:01:16.548680,18240.68
TR-00486,MSFT,669,811.66,831.55,Buy,2025-05-07 08:54:37.373840,13306.41
TR-00487,MSFT,47,751.17,734.55,Buy,2025-04-27 04:28:03.068485,-781.14
TR-00488,GOOGL,383,231.3,225.96,Sell,2025-04-25 17:55:01.029887,2045.22
TR-00489,AAPL,152,497.94,482.36,Sell,2025-05-14 18:11:07.373010,2368.16
TR-00490,AMZN,289,294.88,283.98,Sell,2025-04-28 21:27:21.367156,3150.1
TR-00491,GOOGL,964,867.92,904.62,Buy,2025-05-05 04:28:24.410169,35378.8
TR-00492,GOOGL,319,476.96,497.41,Sell,2025-05-09 16:54:18.886384,-6523.55
TR-00493,GOOGL,190,937.31,965.49,Buy,2025-05-10 06:20:10.255433,5354.2
TR-00494,AMZN,99,143.35,138.97,Sell,2025-05-10 13:13:33.493186,433.62
TR-00495,AAPL,459,920.91,947.71,Sell,2025-04-25 21:14:41.221933,-12301.2
TR-00496,GOOGL,313,973.75,994.21,Buy,2025-05-04 00:00:08.904095,6403.98
TR-00497,AAPL,163,582.37,558.09,Sell,2025-05-07 08:59:40.664023,3957.64
TR-00498,GOOGL,269,940.14,968.9,Buy,2025-05-13 18:03:17.153732,7736.44
TR-00499,MSFT,414,982.12,983.96,Buy,2025-05-16 23:42:16.824583,761.76
TR-00500,GOOGL,519,181.11,175.43,Sell,2025-05-03 17:06:49.878875,2947.92
TR-00501,GOOGL,655,545.65,563.87,Sell,2025-05-07 01:50:35.147088,-11934.1
TR-00502,AMZN,975,369.65,353.91,Buy,2025-04-28 01:50:22.883099,-15346.5
TR-00503,MSFT,253,622.07,596.66,Buy,2025-04-23 11:12:44.317359,-6428.73
TR-00504,AMZN,89,413.8,405.6,Sell,2025-05-04 02:34:06.415238,729.8
TR-00505,GOOGL,547,907.27,863.78,Buy,2025-05-18 09:35:25.178409,-23789.03
TR-00506,NVDA,357,501.91,525.26,Buy,2025-04-19 12:40:11.947509,8335.95
TR-00507,MSFT,84,544.04,564.3,Buy,2025-04-23 14:31:53.483337,1701.84
TR-00508,NVDA,187,799.32,833.83,Buy,2025-05-10 18:03:45.541278,6453.37
TR-00509,MSFT,64,366.9,380.13,Buy,2025-05-06 14:57:14.653527,846.72
TR-00510,NVDA,204,794.5,783.63,Sell,2025-04-22 21:52:59.859684,2217.48
TR-00511,NVDA,461,399.17,405.89,Sell,2025-05-17 14:49:18.753800,-3097.92
TR-00512,TSLA,106,534.24,547.86,Buy,2025-04-25 22:57:05.422112,1443.72
TR-00513,AAPL,466,943.56,936.67,Buy,2025-04-28 02:59:34.066590,-3210.74
TR-00514,AMZN,244,916.99,914.39,Sell,2025-05-18 05:03:44.700521,634.4
TR-00515,AAPL,589,113.65,110.78,Sell,2025-05-17 02:05:06.810083,1690.43
TR-00516,TSLA,813,155.99,152.25,Buy,2025-05-09 20:59:47.512459,-3040.62
TR-00517,GOOGL,369,556.26,558.93,Sell,2025-05-14 06:10:51.925241,-985.23
TR-00518,MSFT,673,811.13,841.99,Sell,2025-04-23 08:00:22.992036,-20768.78
TR-00519,AMZN,325,162.98,170.89,Buy,2025-04-26 14:12:23.581214,2570.75
TR-00520,NVDA,711,450.8,449.33,Buy,2025-05-06 07:07:06.042535,-1045.17
TR-00521,AAPL,630,234.4,230.08,Sell,2025-05-09 06:07:27.083169,2721.6
TR-00522,GOOGL,180,455.78,463.05,Buy,2025-05-07 01:22:33.535614,1308.6
TR-00523,AMZN,675,488.75,509.95,Buy,2025-04-25 12:09:22.144568,14310.0
TR-00524,GOOGL,501,677.86,660.65,Sell,2025-05-18 05:21:20.203350,8622.21
TR-00525,GOOGL,244,999.32,1002.9,Sell,2025-05-15 11:41:46.274950,-873.52
TR-00526,AAPL,206,390.08,408.49,Buy,2025-04-20 14:25:33.035200,3792.46
TR-00527,AAPL,226,950.97,933.73,Sell,2025-05-15 18:27:03.099521,3896.24
TR-00528,MSFT,861,166.23,162.87,Buy,2025-05-07 03:31:18.212692,-2892.96
TR-00529,MSFT,386,264.32,268.4,Buy,2025-05-10 07:36:51.870384,1574.88
TR-00530,TSLA,729,849.95,811.19,Sell,2025-05-07 05:43:28.655349,28256.04
TR-00531,NVDA,147,507.76,485.62,Sell,2025-05-09 14:23:12.938352,3254.58
TR-00532,TSLA,934,652.08,672.46,Sell,2025-05-15 23:25:28.780523,-19034.92
TR-00533,AMZN,56,668.47,645.19,Buy,2025-04-30 13:51:22.509811,-1303.68
TR-00534,MSFT,877,519.83,527.29,Sell,2025-04-27 16:57:35.712501,-6542.42
TR-00535,MSFT,433,729.24,727.41,Buy,2025-04-26 05:59:08.013572,-792.39
TR-00536,NVDA,307,845.38,879.19,Sell,2025-04-24 02:53:11.404071,-10379.67
TR-00537,NVDA,516,717.87,714.38,Buy,2025-04-30 11:54:34.520133,-1800.84
TR-00538,NVDA,811,322.19,312.39,Sell,2025-04-24 20:29:36.438680,7947.8
TR-00539,GOOGL,846,389.83,406.51,Buy,2025-05-15 22:53:03.049784,14111.28
TR-00540,GOOGL,531,298.01,292.06,Sell,2025-05-07 21:39:32.698910,3159.45
TR-00541,MSFT,697,215.2,217.27,Buy,2025-05-12 05:37:27.384214,1442.79
TR-00542,NVDA,783,440.88,456.55,Buy,2025-05-14 16:22:52.332718,12269.61
TR-00543,MSFT,748,977.87,963.53,Buy,2025-05-04 03:58:50.975542,-10726.32
TR-00544,AAPL,179,812.5,834.61,Buy,2025-04-24 14:36:06.033648,3957.69
TR-00545,TSLA,41,954.63,966.67,Buy,2025-04-26 09:46:25.459481,493.64
TR-00546,AAPL,897,887.91,896.93,Buy,2025-04-30 20:53:02.850711,8090.94
TR-00547,TSLA,99,260.84,249.88,Sell,2025-05-02 00:49:12.720439,1085.04
TR-00548,AMZN,977,366.62,370.18,Sell,2025-05-02 13:16:20.211048,-3478.12
TR-00549,MSFT,123,807.82,837.84,Sell,2025-05-06 16:04:25.547113,-3692.46
TR-00550,GOOGL,118,538.59,541.95,Sell,2025-04-20 06:34:54.181385,-396.48
TR-00551,GOOGL,283,374.83,387.0,Sell,2025-05-05 06:29:03.655851,-3444.11
TR-00552,TSLA,231,244.51,239.71,Buy,2025-04-23 08:20:33.076185,-1108.8
TR-00553,AMZN,470,585.89,575.53,Sell,2025-05-04 12:04:05.921030,4869.2
TR-00554,AAPL,542,350.33,365.47,Sell,2025-04-19 16:38:40.838061,-8205.88
TR-00555,NVDA,186,905.49,903.29,Buy,2025-04-19 18:04:04.912621,-409.2
TR-00556,TSLA,525,305.68,290.5,Buy,2025-04-21 11:02:44.788180,-7969.5
TR-00557,AMZN,747,352.74,360.51,Sell,2025-04-22 12:31:33.820984,-5804.19
TR-00558,TSLA,536,310.22,306.9,Sell,2025-05-06 17:17:59.290136,1779.52
TR-00559,AAPL,594,505.31,509.5,Buy,2025-05-01 16:31:47.063095,2488.86
TR-00560,GOOGL,320,794.4,827.1,Sell,2025-04-19 09:56:04.411258,-10464.0
TR-00561,GOOGL,868,665.17,672.32,Sell,2025-05-07 08:30:02.648160,-6206.2
TR-00562,AAPL,959,109.1,107.69,Sell,2025-05-16 21:16:23.667230,1352.19
TR-00563,TSLA,217,647.86,679.99,Buy,2025-05-03 11:05:55.501956,6972.21
TR-00564,AAPL,674,177.9,185.45,Sell,2025-05-08 20:26:08.858782,-5088.7
TR-00565,NVDA,912,492.9,505.75,Buy,2025-05-08 14:58:07.806484,11719.2
TR-00566,TSLA,869,645.03,619.11,Buy,2025-04-23 01:04:14.295986,-22524.48
TR-00567,GOOGL,88,569.61,576.6,Buy,2025-05-14 11:43:40.959653,615.12
TR-00568,TSLA,642,427.85,424.09,Buy,2025-05-09 02:30:51.310029,-2413.92
TR-00569,NVDA,369,303.71,298.83,Buy,2025-05-11 11:41:52.073989,-1800.72
TR-00570,GOOGL,902,529.87,528.74,Buy,2025-05-08 13:19:52.254476,-1019.26
TR-00571,TSLA,964,960.37,973.58,Sell,2025-04-26 05:35:54.276328,-12734.44
TR-00572,AAPL,342,507.98,505.28,Buy,2025-05-03 16:53:41.888232,-923.4
TR-00573,NVDA,537,885.16,851.8,Buy,2025-04-21 11:59:33.140486,-17914.32
TR-00574,MSFT,918,483.59,476.72,Buy,2025-05-13 09:45:42.720164,-6306.66
TR-00575,AMZN,53,764.07,751.0,Buy,2025-05-11 22:54:09.935155,-692.71
TR-00576,MSFT,683,399.33,389.98,Sell,2025-05-10 20:49:35.427029,6386.05
TR-00577,GOOGL,919,465.55,481.71,Sell,2025-05-09 12:19:52.563213,-14851.04
TR-00578,AMZN,786,812.84,801.69,Sell,2025-05-10 01:09:30.323898,8763.9
TR-00579,MSFT,139,507.59,525.13,Sell,2025-05-17 15:17:32.844944,-2438.06
TR-00580,TSLA,636,297.06,299.32,Buy,2025-05-06 22:21:13.575079,1437.36
TR-00581,GOOGL,976,735.57,709.12,Buy,2025-05-13 06:57:30.933175,-25815.2
TR-00582,NVDA,837,600.91,586.69,Sell,2025-05-04 10:07:04.848111,11902.14
TR-00583,MSFT,958,342.16,340.58,Buy,2025-05-12 09:11:57.527676,-1513.64
TR-00584,AMZN,757,862.88,863.95,Buy,2025-04-23 21:51:14.973528,809.99
TR-00585,AAPL,626,386.58,373.56,Sell,2025-04-26 09:08:36.724023,8150.52
TR-00586,MSFT,843,293.35,291.28,Buy,2025-05-13 21:29:32.408742,-1745.01
TR-00587,MSFT,894,445.39,434.27,Sell,2025-05-13 08:45:06.959337,9941.28
TR-00588,AMZN,222,772.19,799.99,Sell,2025-05-08 19:05:26.394612,-6171.6
TR-00589,NVDA,945,318.96,319.21,Sell,2025-05-11 01:31:20.073039,-236.25
TR-00590,AMZN,771,565.06,552.97,Buy,2025-05-18 02:26:58.007488,-9321.39
TR-00591,MSFT,212,175.47,169.32,Sell,2025-05-07 11:52:31.375352,1303.8
TR-00592,AMZN,690,799.14,812.88,Buy,2025-04-19 09:48:17.084167,9480.6
TR-00593,NVDA,420,278.67,285.18,Buy,2025-05-16 01:56:37.479247,2734.2
TR-00594,NVDA,243,171.55,176.4,Buy,2025-05-03 16:13:31.564293,1178.55
TR-00595,TSLA,844,660.93,667.24,Sell,2025-04-20 04:40:43.917995,-5325.64
TR-00596,MSFT,746,279.24,280.04,Buy,2025-04-23 19:34:30.496191,596.8
TR-00597,GOOGL,739,205.08,203.14,Sell,2025-05-04 03:26:34.102405,1433.66
TR-00598,AMZN,831,834.8,835.2,Buy,2025-04-21 10:21:16.574927,332.4
TR-00599,NVDA,222,890.12,882.16,Sell,2025-05-05 10:30:50.930742,1767.12
TR-00600,GOOGL,388,413.76,423.3,Buy,2025-05-12 13:48:51.005265,3701.52
TR-00601,AAPL,170,301.56,304.57,Sell,2025-04-26 02:36:29.228027,-511.7
TR-00602,TSLA,546,614.85,619.08,Buy,2025-05-12 02:34:24.760633,2309.58
TR-00603,AAPL,123,242.52,231.55,Sell,2025-04-30 11:46:18.907157,1349.31
TR-00604,MSFT,272,859.32,883.89,Sell,2025-04-24 11:03:33.047498,-6683.04
TR-00605,GOOGL,721,133.18,134.25,Sell,2025-05-02 05:57:18.441715,-771.47
TR-00606,GOOGL,685,352.05,367.29,Buy,2025-05-10 10:19:07.476937,10439.4
TR-00607,GOOGL,202,238.81,229.57,Buy,2025-04-19 23:28:36.332504,-1866.48
TR-00608,MSFT,354,604.12,613.69,Buy,2025-04-22 13:10:30.863100,3387.78
TR-00609,AMZN,597,616.16,602.2,Sell,2025-04-29 00:52:29.620806,8334.12
TR-00610,GOOGL,593,395.91,378.78,Buy,2025-05-10 20:04:32.103080,-10158.09
TR-00611,MSFT,297,514.05,518.61,Sell,2025-05-15 09:18:17.973425,-1354.32
TR-00612,NVDA,252,421.85,403.88,Sell,2025-05-05 16:40:25.775823,4528.44
TR-00613,AAPL,319,352.94,368.74,Sell,2025-05-18 05:00:16.424295,-5040.2
TR-00614,TSLA,273,366.71,355.05,Sell,2025-04-19 10:15:54.873049,3183.18
TR-00615,AAPL,472,628.79,651.75,Buy,2025-05-05 01:56:10.156782,10837.12
TR-00616,NVDA,301,994.8,1037.3,Sell,2025-05-13 11:07:20.479484,-12792.5
TR-00617,NVDA,202,927.35,885.11,Buy,2025-04-23 02:52:52.377879,-8532.48
TR-00618,GOOGL,334,628.33,651.91,Buy,2025-04-26 05:00:23.333477,7875.72
TR-00619,TSLA,372,411.37,430.11,Buy,2025-05-10 07:59:58.769047,6971.28
TR-00620,GOOGL,392,260.07,249.66,Buy,2025-05-14 20:55:02.534173,-4080.72
TR-00621,AMZN,135,529.65,513.73,Buy,2025-05-01 13:49:19.239120,-2149.2
TR-00622,AAPL,118,470.81,475.0,Sell,2025-04-20 09:17:09.960623,-494.42
TR-00623,MSFT,340,235.11,245.06,Sell,2025-05-01 15:25:13.830301,-3383.0
TR-00624,NVDA,161,343.56,346.4,Sell,2025-05-02 22:44:38.509082,-457.24
TR-00625,AAPL,468,545.06,569.94,Sell,2025-05-11 16:13:19.042723,-11643.84
TR-00626,NVDA,473,558.09,538.92,Sell,2025-05-15 07:08:12.882461,9067.41
TR-00627,NVDA,247,413.64,407.31,Sell,2025-04-24 02:42:02.908814,1563.51
TR-00628,TSLA,838,469.13,475.75,Sell,2025-05-16 06:01:50.745286,-5547.56
TR-00629,NVDA,967,348.28,340.29,Sell,2025-05-04 04:45:07.827136,7726.33
TR-00630,MSFT,994,842.2,808.6,Sell,2025-05-17 11:31:07.037866,33398.4
TR-00631,NVDA,337,762.68,743.74,Sell,2025-05-02 13:33:07.566266,6382.78
TR-00632,AMZN,129,640.6,615.56,Sell,2025-05-03 01:28:03.073146,3230.16
TR-00633,GOOGL,168,654.41,646.1,Buy,2025-05-17 16:56:19.297385,-1396.08
TR-00634,GOOGL,469,966.56,932.19,Buy,2025-05-14 19:49:24.223652,-16119.53
TR-00635,GOOGL,718,886.96,843.19,Buy,2025-04-20 03:02:30.690293,-31426.86
TR-00636,AAPL,947,785.12,812.34,Buy,2025-05-17 01:46:54.121272,25777.34
TR-00637,NVDA,642,584.96,558.46,Buy,2025-05-04 09:01:48.829539,-17013.0
TR-00638,AMZN,976,987.51,994.53,Sell,2025-04-26 21:33:03.837919,-6851.52
TR-00639,AAPL,765,722.62,723.81,Buy,2025-04-23 00:15:35.242265,910.35
TR-00640,AAPL,306,185.77,187.27,Buy,2025-05-17 04:15:13.716868,459.0
TR-00641,AAPL,88,895.43,888.58,Sell,2025-05-13 14:39:37.474368,602.8
TR-00642,TSLA,139,653.89,641.97,Buy,2025-05-09 02:04:38.006249,-1656.88
TR-00643,AAPL,305,681.94,695.69,Buy,2025-05-02 03:20:09.530339,4193.75
TR-00644,GOOGL,260,745.96,713.41,Buy,2025-05-18 01:06:15.631731,-8463.0
TR-00645,AMZN,881,484.79,493.89,Buy,2025-04-25 15:44:30.084789,8017.1
TR-00646,AMZN,619,893.16,933.64,Buy,2025-05-10 15:36:59.547482,25057.12
TR-00647,AMZN,949,910.76,902.85,Buy,2025-04-29 07:24:27.924792,-7506.59
TR-00648,TSLA,549,318.14,330.52,Buy,2025-04-22 08:21:49.843640,6796.62
TR-00649,TSLA,173,777.1,809.09,Buy,2025-05-05 17:23:19.075721,5534.27
TR-00650,TSLA,322,248.15,246.65,Sell,2025-04-30 18:28:55.529123,483.0
TR-00651,AMZN,564,201.51,209.2,Buy,2025-05-11 22:28:54.613087,4337.16
TR-00652,GOOGL,648,680.97,665.8,Buy,2025-05-02 16:29:20.838326,-9830.16
TR-00653,TSLA,388,601.28,595.37,Buy,2025-05-08 22:12:10.221834,-2293.08
TR-00654,TSLA,307,436.59,453.01,Sell,2025-04-24 18:11:59.166892,-5040.94
TR-00655,MSFT,650,909.26,880.91,Sell,2025-05-15 01:42:09.177940,18427.5
TR-00656,NVDA,191,685.46,660.88,Buy,2025-04-26 04:29:30.405836,-4694.78
TR-00657,MSFT,444,379.96,361.32,Sell,2025-05-15 00:17:46.670202,8276.16
TR-00658,AAPL,73,593.28,564.47,Sell,2025-05-14 13:53:06.936091,2103.13
TR-00659,NVDA,55,925.14,915.61,Buy,2025-04-24 11:19:40.796222,-524.15
TR-00660,AMZN,306,772.7,771.28,Buy,2025-04-26 07:46:12.299376,-434.52
TR-00661,AMZN,923,633.61,616.98,Sell,2025-05-02 16:14:04.040362,15349.49
TR-00662,GOOGL,108,169.64,170.9,Buy,2025-05-02 22:11:23.696966,136.08
TR-00663,MSFT,233,960.67,968.18,Buy,2025-04-30 13:30:43.494048,1749.83
TR-00664,TSLA,550,841.41,831.23,Sell,2025-05-06 12:32:00.770376,5599.0
TR-00665,AMZN,824,931.78,892.4,Buy,2025-05-14 07:45:11.791646,-32449.12
TR-00666,GOOGL,305,367.43,377.21,Buy,2025-05-11 15:22:07.181742,2982.9
TR-00667,AMZN,208,584.5,555.45,Buy,2025-05-10 02:10:32.549541,-6042.4
TR-00668,TSLA,708,578.46,576.7,Sell,2025-05-16 19:28:20.036957,1246.08
TR-00669,AAPL,620,273.68,281.57,Buy,2025-05-02 10:58:24.038650,4891.8
TR-00670,AMZN,240,819.62,844.93,Sell,2025-04-27 00:01:26.914991,-6074.4
TR-00671,MSFT,981,561.63,569.3,Buy,2025-05-17 11:21:48.521724,7524.27
TR-00672,AMZN,672,100.01,95.97,Sell,2025-05-03 20:33:26.204135,2714.88
TR-00673,NVDA,508,375.84,363.39,Buy,2025-05-02 09:11:31.931160,-6324.6
TR-00674,NVDA,25,415.18,408.7,Sell,2025-04-20 12:37:57.690144,162.0
TR-00675,GOOGL,108,747.87,741.14,Buy,2025-05-11 03:13:50.628372,-726.84
TR-00676,AMZN,266,343.14,342.73,Sell,2025-04-29 15:31:52.767697,109.06
TR-00677,NVDA,240,397.17,402.3,Sell,2025-05-12 22:45:49.671824,-1231.2
TR-00678,NVDA,257,122.63,122.65,Buy,2025-05-19 06:46:21.849031,5.14
TR-00679,NVDA,205,565.46,565.67,Buy,2025-04-20 07:47:14.579761,43.05
TR-00680,NVDA,850,887.78,892.7,Sell,2025-05-17 13:33:24.606033,-4182.0
TR-00681,AMZN,76,329.33,342.23,Sell,2025-04-23 03:13:22.422923,-980.4
TR-00682,AMZN,758,203.86,203.28,Buy,2025-04-21 21:42:24.333789,-439.64
TR-00683,MSFT,142,304.74,318.59,Buy,2025-05-16 00:17:09.802658,1966.7
TR-00684,AAPL,826,472.34,483.36,Sell,2025-05-18 23:52:16.864970,-9102.52
TR-00685,MSFT,975,931.43,943.23,Buy,2025-04-19 16:20:21.662164,11505.0
TR-00686,NVDA,880,541.46,551.79,Sell,2025-05-11 23:03:46.633919,-9090.4
TR-00687,NVDA,394,155.64,148.01,Sell,2025-05-05 10:28:46.917364,3006.22
TR-00688,TSLA,245,885.33,911.63,Buy,2025-05-06 22:31:35.175385,6443.5
TR-00689,GOOGL,884,637.17,641.27,Sell,2025-04-20 09:08:23.228208,-3624.4
TR-00690,NVDA,490,200.94,204.61,Buy,2025-05-09 16:46:56.140572,1798.3
TR-00691,AMZN,482,978.9,969.41,Buy,2025-05-05 10:58:20.004556,-4574.18
TR-00692,AAPL,351,859.68,868.52,Sell,2025-05-08 00:25:35.919272,-3102.84
TR-00693,TSLA,917,318.91,323.79,Sell,2025-05-03 23:14:01.194789,-4474.96
TR-00694,MSFT,970,745.79,738.75,Buy,2025-05-11 09:18:05.192386,-6828.8
TR-00695,MSFT,846,980.34,983.57,Buy,2025-05-19 08:24:37.522423,2732.58
TR-00696,GOOGL,62,330.96,314.87,Buy,2025-05-17 05:02:33.481732,-997.58
TR-00697,AAPL,378,990.84,997.84,Sell,2025-04-27 05:32:30.264529,-2646.0
TR-00698,MSFT,584,223.84,231.36,Sell,2025-05-11 15:01:09.996722,-4391.68
TR-00699,MSFT,817,732.06,739.0,Sell,2025-05-16 00:24:14.554828,-5669.98
TR-00700,AAPL,272,856.71,832.34,Buy,2025-05-05 05:12:52.002077,-6628.64
TR-00701,GOOGL,459,589.18,592.22,Sell,2025-04-19 10:02:26.741935,-1395.36
TR-00702,AAPL,512,845.88,823.31,Buy,2025-04-24 18:03:03.058370,-11555.84
TR-00703,NVDA,248,130.98,127.51,Sell,2025-05-11 15:16:18.292996,860.56
TR-00704,TSLA,651,224.73,219.79,Sell,2025-05-17 18:35:11.737120,3215.94
TR-00705,AAPL,904,257.06,266.94,Buy,2025-05-11 09:27:09.689225,8931.52
TR-00706,AMZN,583,923.82,949.35,Buy,2025-04-29 05:48:39.504502,14883.99
TR-00707,AAPL,725,924.18,938.0,Buy,2025-05-13 13:22:01.699010,10019.5
TR-00708,TSLA,717,291.93,278.68,Buy,2025-05-15 08:41:04.680117,-9500.25
TR-00709,AAPL,422,932.87,959.4,Sell,2025-04-23 00:21:25.492299,-11195.66
TR-00710,GOOGL,82,370.87,359.71,Sell,2025-05-17 13:30:23.653275,915.12
TR-00711,AAPL,193,120.51,115.97,Buy,2025-04-24 06:55:04.760390,-876.22
TR-00712,AMZN,952,702.81,685.22,Sell,2025-05-03 17:35:37.058407,16745.68
TR-00713,AAPL,620,953.15,914.19,Sell,2025-05-10 07:05:52.359285,24155.2
TR-00714,GOOGL,534,892.89,871.86,Buy,2025-04-30 11:00:37.318550,-11230.02
TR-00715,GOOGL,272,496.87,475.74,Buy,2025-05-13 18:19:52.454231,-5747.36
TR-00716,NVDA,239,723.26,707.62,Buy,2025-04-19 21:31:07.985098,-3737.96
TR-00717,GOOGL,505,733.48,750.14,Sell,2025-05-05 17:54:00.764261,-8413.3
TR-00718,AAPL,582,838.94,827.66,Sell,2025-04-28 17:40:11.643806,6564.96
TR-00719,NVDA,833,344.01,337.14,Buy,2025-05-18 13:13:34.082925,-5722.71
TR-00720,MSFT,694,185.04,185.1,Buy,2025-04-27 02:32:27.328908,41.64
TR-00721,AMZN,709,908.34,878.73,Sell,2025-04-22 14:05:15.248734,20993.49
TR-00722,AAPL,551,326.25,341.99,Buy,2025-05-13 11:03:06.444865,8672.74
TR-00723,GOOGL,749,546.97,522.03,Sell,2025-04-28 07:10:49.874205,18680.06
TR-00724,AMZN,927,241.65,232.66,Buy,2025-04-29 14:44:26.975471,-8333.73
TR-00725,GOOGL,800,671.1,665.41,Buy,2025-04-26 13:00:44.858566,-4552.0
TR-00726,GOOGL,488,772.79,774.96,Buy,2025-05-10 23:51:25.088377,1058.96
TR-00727,AAPL,372,372.52,369.25,Buy,2025-05-16 10:18:59.654302,-1216.44
TR-00728,AMZN,215,796.55,823.23,Sell,2025-04-20 23:33:08.937676,-5736.2
TR-00729,NVDA,442,738.54,742.96,Buy,2025-04-24 06:21:52.345081,1953.64
TR-00730,GOOGL,288,888.99,904.72,Buy,2025-04-27 13:58:22.693927,4530.24
TR-00731,TSLA,739,974.7,1009.14,Sell,2025-04-20 23:30:37.314145,-25451.16
TR-00732,NVDA,561,714.07,704.03,Sell,2025-05-16 17:23:30.450545,5632.44
TR-00733,TSLA,734,890.73,919.23,Buy,2025-05-08 14:53:40.174095,20919.0
TR-00734,AAPL,860,908.06,899.34,Buy,2025-04-26 00:29:00.248343,-7499.2
TR-00735,NVDA,413,894.72,924.82,Buy,2025-04-22 06:40:29.907080,12431.3
TR-00736,TSLA,753,112.69,113.12,Sell,2025-05-18 05:02:54.108142,-323.79
TR-00737,TSLA,522,658.24,658.73,Sell,2025-05-17 15:57:29.423888,-255.78
TR-00738,GOOGL,312,935.74,895.63,Buy,2025-05-16 21:24:12.878034,-12514.32
TR-00739,AMZN,536,938.2,929.0,Sell,2025-04-30 14:09:36.258408,4931.2
TR-00740,GOOGL,652,755.07,791.1,Sell,2025-05-11 16:31:28.126725,-23491.56
TR-00741,GOOGL,64,465.67,463.34,Buy,2025-05-08 04:14:34.850644,-149.12
TR-00742,MSFT,553,698.55,711.13,Buy,2025-04-26 11:12:25.104767,6956.74
TR-00743,AAPL,285,931.7,892.09,Sell,2025-05-15 14:07:11.616151,11288.85
TR-00744,NVDA,268,703.19,675.42,Sell,2025-04-22 02:28:21.114444,7442.36
TR-00745,NVDA,428,991.85,993.31,Sell,2025-05-04 13:33:26.201396,-624.88
TR-00746,AMZN,354,341.33,358.12,Buy,2025-05-11 11:09:06.158096,5943.66
TR-00747,AAPL,826,443.23,424.07,Sell,2025-04-30 10:07:30.152548,15826.16
TR-00748,AMZN,538,883.98,869.5,Buy,2025-04-29 14:11:20.809550,-7790.24
TR-00749,TSLA,393,822.7,839.55,Sell,2025-05-08 16:20:47.985122,-6622.05
TR-00750,NVDA,720,266.06,278.47,Buy,2025-05-08 12:08:38.643466,8935.2
TR-00751,AAPL,692,923.32,930.02,Buy,2025-04-30 12:27:56.218101,4636.4
TR-00752,NVDA,94,160.94,154.06,Buy,2025-05-03 04:54:32.553688,-646.72
TR-00753,NVDA,665,239.18,230.11,Buy,2025-04-27 05:46:37.211232,-6031.55
TR-00754,NVDA,251,310.63,319.71,Buy,2025-04-24 09:12:06.771760,2279.08
TR-00755,GOOGL,407,520.12,504.35,Sell,2025-04-19 19:57:43.750458,6418.39
TR-00756,NVDA,819,289.28,282.65,Buy,2025-05-14 05:06:18.065292,-5429.97
TR-00757,MSFT,76,516.6,505.5,Buy,2025-04-20 09:22:37.338728,-843.6
TR-00758,AAPL,764,179.97,183.74,Buy,2025-05-15 03:12:07.884732,2880.28
TR-00759,NVDA,566,433.53,444.3,Sell,2025-04-22 03:10:37.733822,-6095.82
TR-00760,NVDA,707,162.18,160.41,Buy,2025-05-09 14:00:51.942331,-1251.39
TR-00761,GOOGL,239,959.01,957.76,Sell,2025-04-30 15:33:15.724932,298.75
TR-00762,MSFT,451,671.63,674.06,Sell,2025-04-30 04:37:18.470315,-1095.93
TR-00763,TSLA,978,662.23,681.6,Buy,2025-05-02 15:13:51.055738,18943.86
TR-00764,MSFT,246,159.49,163.26,Sell,2025-05-05 01:57:45.125792,-927.42
TR-00765,AMZN,273,186.6,187.1,Buy,2025-05-14 03:04:19.949812,136.5
TR-00766,TSLA,915,353.0,352.07,Buy,2025-05-06 05:27:06.497715,-850.95
TR-00767,GOOGL,90,176.64,179.69,Buy,2025-04-28 03:16:31.744488,274.5
TR-00768,TSLA,798,130.91,126.04,Buy,2025-04-30 00:27:04.371116,-3886.26
TR-00769,AAPL,223,192.26,199.24,Buy,2025-04-21 06:31:38.620571,1556.54
TR-00770,MSFT,137,154.36,151.98,Sell,2025-05-07 16:59:45.233031,326.06
TR-00771,GOOGL,122,698.66,675.41,Sell,2025-05-18 23:04:05.302085,2836.5
TR-00772,GOOGL,540,628.18,640.82,Sell,2025-04-28 19:11:59.882229,-6825.6
TR-00773,NVDA,240,671.79,687.12,Buy,2025-05-01 18:52:16.494028,3679.2
TR-00774,AMZN,532,846.72,866.92,Buy,2025-05-09 21:42:30.010626,10746.4
TR-00775,AMZN,693,817.3,804.73,Sell,2025-04-28 19:18:00.104041,8711.01
TR-00776,AAPL,778,700.75,728.91,Sell,2025-04-30 21:18:30.710606,-21908.48
TR-00777,TSLA,478,712.37,713.74,Sell,2025-05-17 00:39:10.852916,-654.86
TR-00778,GOOGL,598,643.78,636.15,Sell,2025-04-24 01:02:46.829682,4562.74
TR-00779,AAPL,663,927.74,926.63,Sell,2025-05-10 00:25:13.969633,735.93
TR-00780,NVDA,688,281.73,276.21,Sell,2025-05-11 01:01:51.273621,3797.76
TR-00781,AMZN,640,197.68,205.74,Sell,2025-05-09 22:07:13.183329,-5158.4
TR-00782,TSLA,10,655.76,629.74,Sell,2025-04-23 19:25:26.372525,260.2
TR-00783,AAPL,360,108.92,108.93,Buy,2025-05-14 08:27:27.653395,3.6
TR-00784,MSFT,175,647.43,649.28,Buy,2025-05-02 03:19:55.564289,323.75
TR-00785,AMZN,173,407.58,407.06,Sell,2025-04-23 20:21:58.593230,89.96
TR-00786,NVDA,41,676.62,668.23,Sell,2025-04-23 01:19:34.120807,343.99
TR-00787,AMZN,215,370.27,377.49,Buy,2025-04-27 23:42:57.619563,1552.3
TR-00788,NVDA,665,584.66,598.79,Sell,2025-04-20 08:31:52.380726,-9396.45
TR-00789,NVDA,34,902.5,870.35,Sell,2025-05-12 05:36:21.225755,1093.1
TR-00790,AAPL,182,954.49,914.15,Buy,2025-05-06 09:44:07.856501,-7341.88
TR-00791,NVDA,523,581.11,609.01,Buy,2025-05-18 23:33:06.821685,14591.7
TR-00792,MSFT,58,849.84,859.15,Buy,2025-05-18 20:13:10.880211,539.98
TR-00793,GOOGL,236,529.75,548.24,Buy,2025-04-26 19:56:48.022879,4363.64
TR-00794,AAPL,618,701.44,714.54,Sell,2025-04-28 08:19:13.603028,-8095.8
TR-00795,TSLA,211,532.49,524.49,Buy,2025-05-10 00:50:00.450654,-1688.0
TR-00796,NVDA,536,483.18,491.09,Sell,2025-04-21 14:30:10.959771,-4239.76
TR-00797,TSLA,163,500.53,516.9,Buy,2025-04-22 18:21:19.627069,2668.31
TR-00798,AMZN,664,104.63,106.34,Buy,2025-05-06 09:37:11.486742,1135.44
TR-00799,NVDA,866,265.28,253.79,Sell,2025-05-11 15:20:14.759362,9950.34
TR-00800,NVDA,814,408.18,426.1,Sell,2025-04-20 03:58:39.640863,-14586.88
TR-00801,AMZN,689,509.8,534.9,Buy,2025-04-23 11:40:56.600322,17293.9
TR-00802,MSFT,529,918.83,918.26,Buy,2025-04-22 02:51:45.767684,-301.53
TR-00803,MSFT,798,509.98,504.15,Sell,2025-04-24 21:50:22.383897,4652.34
TR-00804,TSLA,420,977.32,1018.17,Buy,2025-05-11 02:11:11.875058,17157.0
TR-00805,TSLA,507,184.91,180.67,Buy,2025-05-14 14:45:29.524826,-2149.68
TR-00806,MSFT,110,808.57,776.77,Sell,2025-05-14 22:46:18.887082,3498.0
TR-00807,GOOGL,520,388.87,373.37,Sell,2025-04-29 18:50:29.805251,8060.0
TR-00808,AAPL,653,998.93,1044.28,Sell,2025-05-19 07:08:20.719585,-29613.55
TR-00809,AAPL,298,258.7,258.39,Buy,2025-04-30 13:17:21.758131,-92.38
TR-00810,AAPL,395,917.12,958.32,Sell,2025-04-28 09:41:47.705690,-16274.0
TR-00811,AMZN,434,530.43,521.72,Buy,2025-05-03 20:27:48.334505,-3780.14
TR-00812,TSLA,420,527.61,551.72,Buy,2025-05-13 06:28:45.046065,10126.2
TR-00813,MSFT,54,157.83,151.2,Buy,2025-05-02 13:57:49.016897,-358.02
TR-00814,MSFT,812,341.42,352.33,Sell,2025-04-27 19:01:06.479239,-8858.92
TR-00815,MSFT,589,202.62,195.44,Sell,2025-04-30 11:13:25.839694,4229.02
TR-00816,MSFT,393,977.81,995.42,Sell,2025-04-26 04:11:30.766429,-6920.73
TR-00817,AMZN,548,372.37,385.58,Buy,2025-05-04 13:10:08.957752,7239.08
TR-00818,MSFT,813,388.09,379.93,Sell,2025-05-07 19:36:54.754739,6634.08
TR-00819,MSFT,120,318.97,323.11,Buy,2025-05-04 22:30:45.063396,496.8
TR-00820,AAPL,312,583.69,590.52,Sell,2025-05-18 10:27:07.665536,-2130.96
TR-00821,MSFT,748,119.29,122.27,Buy,2025-05-17 03:37:52.130802,2229.04
TR-00822,MSFT,709,475.79,498.12,Sell,2025-04-29 00:42:20.934542,-15831.97
TR-00823,AAPL,944,591.96,606.03,Sell,2025-05-11 17:37:07.966483,-13282.08
TR-00824,AMZN,749,799.82,808.61,Sell,2025-04-29 13:11:03.035722,-6583.71
TR-00825,GOOGL,307,193.23,186.06,Buy,2025-05-04 06:14:45.450195,-2201.19
TR-00826,TSLA,877,833.6,853.89,Sell,2025-04-22 13:13:07.825812,-17794.33
TR-00827,AMZN,774,937.54,907.74,Buy,2025-04-20 07:06:56.424326,-23065.2
TR-00828,TSLA,420,434.28,443.83,Sell,2025-05-09 02:25:08.012106,-4011.0
TR-00829,NVDA,656,789.04,751.94,Buy,2025-04-30 06:01:26.901320,-24337.6
TR-00830,TSLA,23,397.97,405.59,Buy,2025-04-27 02:02:05.305867,175.26
TR-00831,GOOGL,566,177.71,183.75,Sell,2025-05-19 06:39:22.530586,-3418.64
TR-00832,MSFT,402,542.82,530.99,Buy,2025-04-27 04:54:58.190771,-4755.66
TR-00833,AMZN,146,453.96,474.92,Sell,2025-04-27 05:39:02.480658,-3060.16
TR-00834,GOOGL,893,642.7,631.57,Buy,2025-05-17 09:46:37.231333,-9939.09
TR-00835,AAPL,853,167.18,160.26,Buy,2025-05-07 15:53:06.906539,-5902.76
TR-00836,MSFT,449,363.2,376.74,Sell,2025-04-20 06:30:04.460875,-6079.46
TR-00837,AMZN,452,799.87,772.07,Sell,2025-05-03 01:02:11.101479,12565.6
TR-00838,TSLA,805,310.49,325.0,Buy,2025-05-18 11:56:05.706675,11680.55
TR-00839,AAPL,818,824.36,850.76,Buy,2025-05-05 01:16:03.674251,21595.2
TR-00840,NVDA,23,276.01,271.84,Sell,2025-04-26 01:55:19.346802,95.91
TR-00841,MSFT,415,962.65,969.29,Sell,2025-04-20 04:54:42.076955,-2755.6
TR-00842,TSLA,259,172.81,166.17,Sell,2025-05-14 05:24:59.008209,1719.76
TR-00843,AMZN,968,969.56,956.99,Sell,2025-04-21 06:17:25.345779,12167.76
TR-00844,TSLA,856,186.32,191.72,Buy,2025-05-18 12:55:03.187097,4622.4
TR-00845,AMZN,889,107.2,105.23,Buy,2025-04-29 02:22:23.452726,-1751.33
TR-00846,MSFT,450,907.48,895.26,Sell,2025-04-22 04:20:29.759356,5499.0
TR-00847,TSLA,203,877.42,914.91,Buy,2025-04-20 14:06:52.942712,7610.47
TR-00848,AAPL,116,611.09,589.8,Sell,2025-04-22 05:03:19.241108,2469.64
TR-00849,TSLA,832,861.86,886.51,Sell,2025-05-11 17:37:52.018771,-20508.8
TR-00850,NVDA,704,866.02,845.59,Buy,2025-05-06 01:03:05.466315,-14382.72
TR-00851,AMZN,61,442.29,430.27,Sell,2025-05-16 18:02:31.127637,733.22
TR-00852,TSLA,172,773.47,771.7,Buy,2025-05-04 03:00:47.423408,-304.44
TR-00853,AAPL,457,414.14,404.96,Buy,2025-05-09 13:55:26.819650,-4195.26
TR-00854,TSLA,225,201.11,210.15,Buy,2025-05-08 07:27:29.544114,2034.0
TR-00855,TSLA,389,218.49,216.55,Sell,2025-05-16 07:06:53.737372,754.66
TR-00856,MSFT,460,397.64,400.77,Sell,2025-04-22 10:04:24.314972,-1439.8
TR-00857,MSFT,39,152.71,151.82,Sell,2025-05-02 14:41:05.309638,34.71
TR-00858,AMZN,182,298.4,286.71,Buy,2025-05-04 06:01:25.031672,-2127.58
TR-00859,TSLA,292,797.29,774.25,Buy,2025-04-20 09:37:21.918089,-6727.68
TR-00860,AMZN,170,891.38,887.58,Buy,2025-05-11 11:48:36.401179,-646.0
TR-00861,MSFT,42,978.45,938.28,Sell,2025-04-21 01:04:43.740241,1687.14
TR-00862,TSLA,889,801.33,839.57,Buy,2025-05-01 07:51:50.115387,33995.36
TR-00863,GOOGL,966,354.16,357.49,Sell,2025-04-28 02:12:51.741525,-3216.78
TR-00864,GOOGL,349,612.76,632.29,Buy,2025-05-07 02:18:36.579704,6815.97
TR-00865,TSLA,586,154.3,155.31,Sell,2025-05-15 04:43:01.404721,-591.86
TR-00866,TSLA,798,956.78,945.53,Buy,2025-05-13 06:50:15.165341,-8977.5
TR-00867,AAPL,525,983.23,965.5,Buy,2025-05-10 00:22:24.968942,-9308.25
TR-00868,TSLA,333,915.93,897.18,Sell,2025-04-21 02:32:33.319571,6243.75
TR-00869,AAPL,268,844.3,815.22,Buy,2025-05-09 17:20:29.963537,-7793.44
TR-00870,MSFT,940,205.08,196.61,Buy,2025-04-27 09:54:27.579377,-7961.8
TR-00871,MSFT,29,223.0,231.22,Buy,2025-04-25 21:07:25.138704,238.38
TR-00872,GOOGL,879,295.31,295.84,Sell,2025-04-24 00:33:30.282015,-465.87
TR-00873,NVDA,708,263.45,269.99,Buy,2025-04-19 13:35:15.458071,4630.32
TR-00874,MSFT,341,346.56,342.93,Buy,2025-05-03 11:12:32.233915,-1237.83
TR-00875,AAPL,190,801.82,814.17,Sell,2025-05-09 16:00:28.093133,-2346.5
TR-00876,NVDA,147,489.45,499.04,Buy,2025-04-27 22:27:17.531401,1409.73
TR-00877,GOOGL,113,433.4,421.57,Sell,2025-05-03 12:58:33.579571,1336.79
TR-00878,AAPL,963,851.62,865.32,Sell,2025-05-16 04:30:55.871796,-13193.1
TR-00879,GOOGL,712,982.66,999.21,Buy,2025-04-20 12:55:05.867882,11783.6
TR-00880,MSFT,418,269.39,262.52,Sell,2025-04-26 17:35:00.929270,2871.66
TR-00881,AMZN,393,122.72,127.15,Buy,2025-04-23 07:25:27.827259,1740.99
TR-00882,NVDA,919,428.44,410.19,Sell,2025-04-23 05:47:38.219264,16771.75
TR-00883,AMZN,389,739.45,763.09,Sell,2025-04-30 21:21:59.692971,-9195.96
TR-00884,AAPL,742,403.54,396.87,Sell,2025-05-06 08:19:23.428144,4949.14
TR-00885,NVDA,167,348.89,343.97,Sell,2025-05-03 12:26:52.721981,821.64
TR-00886,AAPL,523,124.19,129.16,Buy,2025-04-20 08:46:52.861130,2599.31
TR-00887,MSFT,122,762.45,788.54,Sell,2025-05-06 11:39:44.187757,-3182.98
TR-00888,MSFT,616,402.47,418.33,Buy,2025-04-21 21:01:41.721868,9769.76
TR-00889,GOOGL,276,574.26,564.38,Sell,2025-05-02 11:37:57.178338,2726.88
TR-00890,TSLA,271,601.55,625.82,Buy,2025-04-23 12:21:16.178477,6577.17
TR-00891,TSLA,458,901.38,882.3,Buy,2025-05-11 19:45:27.510447,-8738.64
TR-00892,MSFT,358,491.74,493.38,Sell,2025-05-03 22:45:03.721384,-587.12
TR-00893,MSFT,258,950.57,979.54,Sell,2025-04-28 11:36:51.632217,-7474.26
TR-00894,GOOGL,162,844.56,872.07,Sell,2025-05-07 14:24:23.280865,-4456.62
TR-00895,GOOGL,148,960.03,919.77,Buy,2025-05-05 14:47:09.618263,-5958.48
TR-00896,AMZN,742,560.74,569.57,Sell,2025-05-02 09:01:56.777390,-6551.86
TR-00897,GOOGL,809,133.17,130.25,Sell,2025-04-24 21:29:44.266440,2362.28
TR-00898,AMZN,912,192.53,188.29,Buy,2025-05-13 01:23:24.123918,-3866.88
TR-00899,AMZN,835,401.94,393.1,Buy,2025-05-15 16:15:24.949272,-7381.4
TR-00900,GOOGL,578,360.71,356.14,Sell,2025-04-30 11:09:54.846369,2641.46
TR-00901,NVDA,414,174.25,175.54,Sell,2025-05-14 22:25:32.566672,-534.06
TR-00902,AMZN,799,889.83,907.45,Sell,2025-04-27 07:04:34.774851,-14078.38
TR-00903,NVDA,566,635.11,662.41,Buy,2025-05-05 16:36:57.959002,15451.8
TR-00904,TSLA,252,493.22,490.18,Sell,2025-04-26 09:59:13.954437,766.08
TR-00905,TSLA,850,927.58,883.66,Sell,2025-05-05 02:54:17.173554,37332.0
TR-00906,MSFT,848,953.05,945.67,Sell,2025-05-09 04:32:55.245578,6258.24
TR-00907,TSLA,986,565.11,593.27,Sell,2025-05-05 07:23:22.995524,-27765.76
TR-00908,MSFT,345,873.95,858.37,Sell,2025-04-20 07:34:41.663047,5375.1
TR-00909,TSLA,917,476.08,457.82,Sell,2025-05-04 13:26:35.319469,16744.42
TR-00910,AMZN,655,549.45,533.61,Sell,2025-05-08 19:55:45.930680,10375.2
TR-00911,AMZN,733,704.62,678.77,Sell,2025-04-24 12:57:28.118504,18948.05
TR-00912,GOOGL,546,496.34,489.63,Buy,2025-05-11 06:21:56.418358,-3663.66
TR-00913,GOOGL,809,778.4,813.78,Sell,2025-05-16 13:09:59.264140,-28622.42
TR-00914,TSLA,661,575.92,603.58,Buy,2025-04-24 08:51:03.764835,18283.26
TR-00915,TSLA,393,631.1,643.09,Sell,2025-05-03 09:48:29.264109,-4712.07
TR-00916,AMZN,197,308.73,295.68,Sell,2025-04-24 00:50:10.698663,2570.85
TR-00917,NVDA,338,740.38,710.93,Buy,2025-05-03 22:17:01.662414,-9954.1
TR-00918,TSLA,653,424.22,403.86,Sell,2025-05-03 21:35:11.460161,13295.08
TR-00919,AAPL,357,869.25,877.09,Sell,2025-05-10 07:46:28.400534,-2798.88
TR-00920,TSLA,989,563.48,583.25,Buy,2025-04-24 15:26:50.994686,19552.53
TR-00921,GOOGL,453,345.33,344.7,Sell,2025-05-11 22:29:51.021543,285.39
TR-00922,AAPL,239,868.95,850.75,Sell,2025-05-17 16:35:47.261112,4349.8
TR-00923,AMZN,285,110.64,105.89,Buy,2025-05-07 07:51:33.600282,-1353.75
TR-00924,AAPL,727,587.93,598.91,Sell,2025-05-16 00:21:05.812002,-7982.46
TR-00925,NVDA,98,791.02,819.27,Buy,2025-05-05 17:49:00.795145,2768.5
TR-00926,NVDA,281,388.59,391.83,Buy,2025-05-08 11:29:47.120089,910.44
TR-00927,NVDA,625,779.56,761.26,Sell,2025-05-04 23:04:16.041148,11437.5
TR-00928,AAPL,343,419.07,426.94,Buy,2025-05-05 21:54:06.953124,2699.41
TR-00929,AAPL,410,214.96,214.56,Sell,2025-04-30 10:35:09.726168,164.0
TR-00930,NVDA,918,902.35,913.69,Buy,2025-04-19 18:40:49.137736,10410.12
TR-00931,NVDA,13,701.16,677.07,Buy,2025-05-01 10:37:04.916239,-313.17
TR-00932,AMZN,426,528.78,532.98,Sell,2025-05-11 10:27:47.574949,-1789.2
TR-00933,GOOGL,977,880.43,921.12,Sell,2025-04-21 10:18:55.730312,-39754.13
TR-00934,TSLA,77,690.42,697.58,Buy,2025-05-04 01:57:01.750616,551.32
TR-00935,NVDA,810,672.68,650.5,Buy,2025-04-19 22:08:15.649144,-17965.8
TR-00936,MSFT,177,723.45,756.54,Sell,2025-04-23 02:39:19.773697,-5856.93
TR-00937,MSFT,131,843.64,835.63,Sell,2025-05-17 15:47:34.872231,1049.31
TR-00938,AAPL,562,419.42,418.42,Sell,2025-05-02 21:52:11.135117,562.0
TR-00939,TSLA,631,654.18,671.36,Buy,2025-05-17 05:09:57.421607,10840.58
TR-00940,NVDA,354,212.29,202.92,Sell,2025-05-06 22:42:01.316453,3316.98
TR-00941,TSLA,679,662.9,677.46,Sell,2025-05-04 13:47:52.248423,-9886.24
TR-00942,TSLA,464,356.46,374.12,Sell,2025-05-02 06:16:09.318648,-8194.24
TR-00943,GOOGL,16,236.31,228.08,Sell,2025-05-16 23:30:28.563218,131.68
TR-00944,GOOGL,824,424.96,443.76,Buy,2025-05-02 05:43:59.936294,15491.2
TR-00945,TSLA,544,817.13,815.79,Sell,2025-05-09 14:33:05.212857,728.96
TR-00946,MSFT,379,496.78,475.29,Sell,2025-05-02 18:40:45.450789,8144.71
TR-00947,NVDA,133,919.18,940.18,Sell,2025-04-19 18:04:33.191210,-2793.0
TR-00948,MSFT,468,232.85,225.97,Sell,2025-05-10 11:16:44.033326,3219.84
TR-00949,GOOGL,116,548.09,544.63,Sell,2025-04-23 15:52:56.297084,401.36
TR-00950,AMZN,453,514.88,516.46,Buy,2025-05-09 09:35:11.013085,715.74
TR-00951,MSFT,434,627.85,658.4,Buy,2025-04-29 20:40:10.097221,13258.7
TR-00952,AMZN,160,553.0,578.8,Sell,2025-04-30 02:00:26.160840,-4128.0
TR-00953,AAPL,378,108.31,113.4,Buy,2025-05-19 03:21:19.098356,1924.02
TR-00954,AMZN,496,320.07,306.46,Sell,2025-05-11 05:19:50.895474,6750.56
TR-00955,NVDA,324,411.66,398.57,Sell,2025-05-06 03:02:30.325095,4241.16
TR-00956,TSLA,193,334.55,319.73,Sell,2025-04-23 18:29:14.359010,2860.26
TR-00957,GOOGL,772,173.45,180.71,Sell,2025-04-20 07:41:18.081034,-5604.72
TR-00958,NVDA,885,535.97,549.42,Buy,2025-04-25 04:33:47.388030,11903.25
TR-00959,GOOGL,182,231.5,220.59,Sell,2025-05-11 09:00:36.991469,1985.62
TR-00960,MSFT,512,632.24,637.4,Sell,2025-04-28 05:05:45.515352,-2641.92
TR-00961,AAPL,272,550.75,530.39,Sell,2025-05-17 07:19:03.805106,5537.92
TR-00962,NVDA,329,152.07,145.35,Sell,2025-04-28 11:44:48.555361,2210.88
TR-00963,AMZN,633,787.26,784.75,Buy,2025-05-14 00:06:39.427726,-1588.83
TR-00964,AAPL,89,431.66,418.8,Sell,2025-05-06 06:01:35.454377,1144.54
TR-00965,AMZN,614,967.98,957.05,Buy,2025-05-04 13:26:24.453608,-6711.02
TR-00966,AAPL,250,565.35,573.03,Sell,2025-05-12 10:57:02.818040,-1920.0
TR-00967,AAPL,163,632.26,658.23,Buy,2025-05-05 03:19:20.748616,4233.11
TR-00968,TSLA,808,128.21,127.41,Sell,2025-04-28 16:44:11.232996,646.4
TR-00969,GOOGL,57,330.2,333.69,Buy,2025-04-25 21:20:40.085898,198.93
TR-00970,AAPL,915,935.35,976.83,Buy,2025-04-21 18:23:55.699369,37954.2
TR-00971,GOOGL,159,757.58,794.39,Sell,2025-05-17 12:21:58.930526,-5852.79
TR-00972,AMZN,293,385.73,372.76,Buy,2025-05-05 15:19:02.385711,-3800.21
TR-00973,MSFT,188,472.11,460.58,Sell,2025-05-05 14:06:08.114631,2167.64
TR-00974,AAPL,127,822.95,853.5,Sell,2025-05-11 14:45:56.605170,-3879.85
TR-00975,AMZN,987,688.29,658.75,Sell,2025-05-10 10:21:17.108992,29155.98
TR-00976,AMZN,596,884.35,870.29,Buy,2025-05-14 09:46:26.391808,-8379.76
TR-00977,AMZN,985,852.72,870.93,Sell,2025-05-02 10:40:09.193512,-17936.85
TR-00978,MSFT,250,203.55,199.73,Sell,2025-05-04 15:47:54.822008,955.0
TR-00979,GOOGL,100,594.69,590.95,Sell,2025-05-11 12:37:21.360059,374.0
TR-00980,AMZN,419,403.23,397.67,Buy,2025-05-05 18:52:22.640297,-2329.64
TR-00981,GOOGL,581,451.22,446.62,Sell,2025-04-30 19:04:41.906854,2672.6
TR-00982,GOOGL,565,139.31,145.95,Buy,2025-04-22 00:57:13.392165,3751.6
TR-00983,GOOGL,68,483.96,478.21,Buy,2025-04-25 00:25:51.205746,-391.0
TR-00984,GOOGL,523,692.21,724.02,Sell,2025-04-22 05:14:19.218900,-16636.63
TR-00985,TSLA,602,190.25,184.5,Buy,2025-05-18 11:31:10.258319,-3461.5
TR-00986,AMZN,701,220.81,225.75,Sell,2025-05-09 04:21:52.442856,-3462.94
TR-00987,MSFT,662,205.91,215.49,Sell,2025-05-16 03:58:38.804715,-6341.96
TR-00988,NVDA,486,697.23,696.16,Buy,2025-04-30 11:07:00.155330,-520.02
TR-00989,TSLA,327,607.24,625.21,Buy,2025-05-08 04:38:50.458434,5876.19
TR-00990,GOOGL,806,260.18,267.54,Buy,2025-04-22 04:58:40.601413,5932.16
TR-00991,NVDA,870,148.29,145.56,Buy,2025-05-05 07:19:40.438893,-2375.1
TR-00992,AMZN,904,460.03,465.66,Buy,2025-05-08 17:04:26.733997,5089.52
TR-00993,AMZN,901,269.6,269.17,Buy,2025-05-13 21:45:56.140669,-387.43
TR-00994,AAPL,238,135.5,132.47,Sell,2025-05-16 10:07:28.946209,721.14
TR-00995,AMZN,401,825.01,810.93,Buy,2025-05-11 04:02:44.242970,-5646.08
TR-00996,GOOGL,585,369.82,368.33,Sell,2025-05-15 11:55:52.849111,871.65
TR-00997,NVDA,954,619.85,643.38,Sell,2025-05-08 10:08:50.160417,-22447.62
TR-00998,MSFT,100,462.27,484.27,Buy,2025-05-12 23:36:46.894729,2200.0
TR-00999,MSFT,440,972.11,992.92,Sell,2025-05-10 00:59:58.287613,-9156.4
TR-01000,MSFT,902,882.27,899.66,Buy,2025-05-06 01:31:42.785016,15685.78
